company_id,company_name,company_type,owner,website,search_query_1,result_url_1,result_text_1,found_orgnr_1,search_query_2,result_url_2,result_text_2,found_orgnr_2,search_query_3,result_url_3,result_text_3,found_orgnr_3,search_query_4,result_url_4,result_text_4,found_orgnr_4,search_query_owner,result_url_owner,result_text_owner,found_orgnr_owner,all_found_orgnr,suggested_orgnr,confidence_score,suggestion_reason,verified_orgnr,notes
1773,AI Coach Mikael Vilkas,corporation,,https://www.aicoachen.ai/,AI Coach Mikael Vilkas organisationsnummer,https://www.zhihu.com/question/1903860201389548284,如何彻底禁用搜狗输入法的旺仔AI？ - 知乎 如何彻底禁用搜狗输入法的旺仔AI？ 首先，国内的产品经理都是敌特-通过弹窗这类方式对用户主权的侵犯指挥导致用户对这个产品愤怒 并且通常这类产品还会阻止用户禁用弹窗 现在的情况 … AI 技术的核心本质是什么？背后的技术原理有哪些 ... 目前的 AI大模型本质是，以统计规律代替逻辑规律，以相关性代替因果性，以海量参数的函数拟合出输入输出算法。 具体的技术原理：1 是通过数据集获得统计规律，2是通过统计规律进行插 … 现在这些大模型，哪个在代码编写上表现的最好呀 ... 1）Cursor Cursor是国外一家公司在2023年发布的一款AI原生的IDE，主要功能就是通过AI能力自动检索理解代码的上下文、可以自动编写并运行终端命令、可以自动检测并修正代码、具有强 …,,AI Coach Mikael Vilkas juridiskt namn,,[Inga resultat hittades],,AI Coach Mikael Vilkas allabolag,https://www.zhihu.com/question/1903860201389548284,如何彻底禁用搜狗输入法的旺仔AI？ - 知乎 如何彻底禁用搜狗输入法的旺仔AI？ 首先，国内的产品经理都是敌特-通过弹窗这类方式对用户主权的侵犯指挥导致用户对这个产品愤怒 并且通常这类产品还会阻止用户禁用弹窗 现在的情况 … AI 技术的核心本质是什么？背后的技术原理有哪些 ... 目前的 AI大模型本质是，以统计规律代替逻辑规律，以相关性代替因果性，以海量参数的函数拟合出输入输出算法。 具体的技术原理：1 是通过数据集获得统计规律，2是通过统计规律进行插 … 现在这些大模型，哪个在代码编写上表现的最好呀 ... 1）Cursor Cursor是国外一家公司在2023年发布的一款AI原生的IDE，主要功能就是通过AI能力自动检索理解代码的上下文、可以自动编写并运行终端命令、可以自动检测并修正代码、具有强 …,,AI Coach Mikael Vilkas bolagsfakta,https://www.zhihu.com/question/1903860201389548284,如何彻底禁用搜狗输入法的旺仔AI？ - 知乎 如何彻底禁用搜狗输入法的旺仔AI？ 首先，国内的产品经理都是敌特-通过弹窗这类方式对用户主权的侵犯指挥导致用户对这个产品愤怒 并且通常这类产品还会阻止用户禁用弹窗 现在的情况是我输入一 … AI 技术的核心本质是什么？背后的技术原理有哪些 ... 目前的 AI大模型本质是，以统计规律代替逻辑规律，以相关性代替因果性，以海量参数的函数拟合出输入输出算法。 具体的技术原理：1 是通过数据集获得统计规律，2是通过统计规律进行插值输出。 现在这些大模型，哪个在代码编写上表现的最好呀 ... 1）Cursor Cursor是国外一家公司在2023年发布的一款AI原生的IDE，主要功能就是通过AI能力自动检索理解代码的上下文、可以自动编写并运行终端命令、可以自动检测并修正代码、具有强大的自动补全 …,,,,,,,,0.00,Inga org.nr hittades,,
2318,AIxDesign AB,corporation,,https://www.aixdesign.se,AIxDesign AB organisationsnummer,,[Inga resultat hittades],,AIxDesign AB juridiskt namn,,[Inga resultat hittades],,AIxDesign AB allabolag,https://vkursi.pro/,"VKURSI - Спеціальна перевірка компаній та ... ᐉ Перевірка контрагентів - досьє на бізнес | VKURSI.PRO Актуальна база Перевірка компаній в реальному часі Більш ніж 60 джерел Vkursi.pro Vkursi - Великі дані для бізнесу ᐉ Vkursi - Великі дані для бізнесу Актуальна база Перевірка компаній в реальному часі Більш ніж 60 джерел Vkursi.pro Vkursi Zemli – сервіс аналітики для ... Ми створили Vkursi Zemli для того, щоб озброїти агробізнес даними та аналітикою про земельні ...",,AIxDesign AB bolagsfakta,https://forums.commentcamarche.net/forum/affich-37855294-accessibilite-mail-free-zimbra-bloque-code-erreur-302,"Accessibilité mail free zimbra bloqué code erreur 302 May 27, 2023 · Je souhaiterais avoir de l'aide car ma messagerie sur free zimbra est inaccessible depuis ce matin (27/05/23) avec ce souci : après identification, j'ai une erreur 302 :Found: The Document has moved here qui me renvoie à la page d'accueil de free zimbra. SVP, pourriez-vous m'indiquer la marche à suivre pour accéder de nouveau à mon compte ? Services (Mails, Zimbra, FreeWifi, pages persos ...) - free-reseau.fr Redirection de mai",,,,,,,,0.00,Inga org.nr hittades,,
1168,ALMI Mälardalen,corporation,,https://www.almi.se/om-almi/kontakt/kontaktlista/?office=4423,ALMI Mälardalen organisationsnummer,https://www.zhihu.com/question/59073815,"平安内勤，公司让考LOMA，有用么？跪求考过的大神 ... Level 1、2、3分别对应初级寿险管理师（CERT）、中级寿险管理师 （ALMI），及高级寿险管理师 （FLMI），十门课程设置涵盖了保险专业知识体系，涉及的内容很系统、很全面，看课程 … 四字母域名一般价值多少钱？有最新成交的数据吗 ... Oct 31, 2023 · 四字母.com域名的价值跨度极大，从几百元到上千万元不等，具体价值取决于域名的构成、含义、终端匹配度以及市场供需关系。以下是详细分析： 价值区间 普通随机四字母 … 全球范围内有哪些具有影响力的专业级芭蕾舞比赛 ... Feb 8, 2019 · 比赛是由Doris Laine-Almi 教授创办的。 由赫尔辛基国际芭蕾舞大赛协会，芬兰国家歌剧院，芬兰国家芭蕾舞学院联合举办，每四年举行一次。 大赛分高级组 (20岁-25岁)和初级 …",,ALMI Mälardalen juridiskt namn,,[Inga resultat hittades],,ALMI Mälardalen allabolag,,[Inga resultat hittades],,ALMI Mälardalen bolagsfakta,https://www.zhihu.com/question/59073815,"平安内勤，公司让考LOMA，有用么？跪求考过的大神 ... Level 1、2、3分别对应初级寿险管理师（CERT）、中级寿险管理师 （ALMI），及高级寿险管理师 （FLMI），十门课程设置涵盖了保险专业知识体系，涉及的内容很系统、很全面，看课程 … 四字母域名一般价值多少钱？有最新成交的数据吗 ... Oct 31, 2023 · 四字母.com域名的价值跨度极大，从几百元到上千万元不等，具体价值取决于域名的构成、含义、终端匹配度以及市场供需关系。以下是详细分析： 价值区间 普通随机四字母 … 全球范围内有哪些具有影响力的专业级芭蕾舞比赛 ... Feb 8, 2019 · 比赛是由Doris Laine-Almi 教授创办的。 由赫尔辛基国际芭蕾舞大赛协会，芬兰国家歌剧院，芬兰国家芭蕾舞学院联合举办，每四年举行一次。 大赛分高级组 (20岁-25岁)和初级 …",,,,,,,,0.00,Inga org.nr hittades,,
1460,Aidoc,corporation,,https://www.aidoc.com/,Aidoc organisationsnummer,https://itforum.com.br/brasil-tem-primeiro-projeto-de-ai-para-diagnostico-por-imagem/,"Brasil tem primeiro projeto de AI para diagnóstico por imagem A Fundação Instituto de Pesquisa e Estudo de Diagnóstico por Imagem (FIDI), gestora de serviços de diagnóstico por imagem da rede pública, e a startup israelense AIDOC firmaram uma parceria para levar tecnologias de inteligência artificial a exames de tomografia de crânio. IT Forum Na Mata: TI da Dasa e Hcor assumem protagonismo e geram ... Ferramentas como AIDOC e RAPID AI auxiliam na identificação de acidentes vasculares e avaliação",,Aidoc juridiskt namn,,[Inga resultat hittades],,Aidoc allabolag,https://itforum.com.br/brasil-tem-primeiro-projeto-de-ai-para-diagnostico-por-imagem/,"Brasil tem primeiro projeto de AI para diagnóstico por imagem A Fundação Instituto de Pesquisa e Estudo de Diagnóstico por Imagem (FIDI), gestora de serviços de diagnóstico por imagem da rede pública, e a startup israelense AIDOC firmaram … IT Forum Na Mata: TI da Dasa e Hcor assumem protagonismo e … Ferramentas como AIDOC e RAPID AI auxiliam na identificação de acidentes vasculares e avaliação cerebral, com a proposta de acelerar e melhorar a precisão dos laudos. Outro case … Echandia Marine AB",556704-1529,Aidoc bolagsfakta,https://itforum.com.br/brasil-tem-primeiro-projeto-de-ai-para-diagnostico-por-imagem/,"Brasil tem primeiro projeto de AI para diagnóstico por imagem A Fundação Instituto de Pesquisa e Estudo de Diagnóstico por Imagem (FIDI), gestora de serviços de diagnóstico por imagem da rede pública, e a startup israelense AIDOC firmaram … IT Forum Na Mata: TI da Dasa e Hcor assumem protagonismo e … Ferramentas como AIDOC e RAPID AI auxiliam na identificação de acidentes vasculares e avaliação cerebral, com a proposta de acelerar e melhorar a precisão dos laudos. Outro case …",,,,,,556704-1529,556704-1529,0.90,Endast ett org.nr hittades,,
1703,Amazon (AWS),corporation,,https://aws.amazon.com,Amazon (AWS) organisationsnummer,,[Inga resultat hittades],,Amazon (AWS) juridiskt namn,https://www.60millions-mag.com/forum/commerce-en-ligne/livreur-amazon-amazon-ofm-refuse-de-rembourser-t258425.html,"Colis Amazon jamais recu, Amazon OFM refuse de rembourser Jan 15, 2025 · Colis Amazon jamais recu, Amazon OFM refuse de rembourser par victormlore425 » 15 Janvier 2025, 19:44 Bonjour à tous, J'ai effectué mi-décembre une commande pour une PS5 … Amazon , colis livré mais non reçu - 60 Millions de Consommateurs Jul 18, 2018 · Re: Amazon , colis livré mais non reçu par Invité » 24 Août 2018, 14:02 Bonjour, avez vous trouvé une solution ? Il m'arrive la même chose actuellement avec le même transport",,Amazon (AWS) allabolag,,[Inga resultat hittades],,Amazon (AWS) bolagsfakta,https://www.60millions-mag.com/forum/commerce-en-ligne/livreur-amazon-amazon-ofm-refuse-de-rembourser-t258425.html,"Colis Amazon jamais recu, Amazon OFM refuse de rembourser Jan 15, 2025 · Colis Amazon jamais recu, Amazon OFM refuse de rembourser par victormlore425 » 15 Janvier 2025, 19:44 Bonjour à tous, J'ai effectué mi-décembre une commande pour une PS5 … Amazon , colis livré mais non reçu - 60 Millions de Consommateurs Jul 18, 2018 · Re: Amazon , colis livré mais non reçu par Invité » 24 Août 2018, 14:02 Bonjour, avez vous trouvé une solution ? Il m'arrive la même chose actuellement avec le même transport",,,,,,,,0.00,Inga org.nr hittades,,
2086,Aposmart,corporation,,https://www.aposmart.se/,Aposmart organisationsnummer,,[Inga resultat hittades],,Aposmart juridiskt namn,https://www.discogs.com/,"Discogs - Music Database and Marketplace Discover music on Discogs, the largest online music database. Buy and sell music with collectors in the Marketplace. Discogs - Base de Données musicale et Marketplace Explorez la musique sur Discogs, la plus grande Base de Données musicale en ligne. Achetez et vendez à d'autres collectionneurs sur la Marketplace. Discogs - 音楽のデータベースとマーケットプレイス 最大のオンライン音楽データベース、Discogs で音楽を発見しましょう。マーケットプレイスのコレクターたちと音楽の売買 ...",,Aposmart allabolag,https://www.roblox.com/NewLogin,"Log in to Roblox ©2025 Roblox Corporation. Roblox, the Roblox logo and Powering Imagination are among our registered and unregistered trademarks in the U.S. and other countries. Roblox Roblox is the ultimate virtual universe that lets you create, share experiences with friends, and be anything you can imagine. Join millions of people and discover an infinite variety of immersive … How to Login to Roblox on PC and Phone - Esports Driven Jun 11, 2023 · Learn the simple steps for logging into Roblo",,Aposmart bolagsfakta,https://mail.google.com/mail?hl=it,"google mail Non è possibile visualizzare una descrizione perché il sito non lo consente. Come accedere alla posta Gmail - Salvatore Aranzulla Se vuoi sapere come accedere alla posta Gmail da computer, qui di seguito trovi spiegato come compiere quest’operazione, sia tramite Gmail Web che tramite client di posta elettronica. Accedi - Account Google Non si tratta del tuo computer? Utilizza una finestra di navigazione privata per accedere. Scopri di più sull'utilizzo della modalità Ospite",,,,,,,,0.00,Inga org.nr hittades,,
1598,Arlaplast,corporation,,https://www.arlaplastgroup.com/en/,Arlaplast organisationsnummer,,[Inga resultat hittades],,Arlaplast juridiskt namn,https://www.tubebdsm.com/category/gangbang,"Gangbang BDSM Porn - Tube BDSM Melody Marks - Watch A Predator In 4K Awesome Gangbang! Awesome wench crowd of sex-starved pervert boys making noise right in the restaurant. After drubbing her hot butt and … Extreme Rough Gangbang Bdsm Porno Videos - xHamster Sehen Sie die besten extreme rough gangbang bdsm Porno Videos des Jahres 2025. Entdecken Sie Tausende kostenlose XXX Sexfilme auf xHamster! Extreme gangbang porn videos - Punishworld.com Find the answer in our best gangbang porn videos, wher",,Arlaplast allabolag,https://www.molndal.se/franklins-gymnasium.html,"Franklins gymnasium - Mölndal På Franklins gymnasium ger vi dig bästa möjliga förutsättningar att ta dig vidare till din drömutbildning på universitet eller högskola. På den lilla skolan med de stora möjligheterna … Franklins Gymnasium Franklins gymnasium är en kommunal skola, som drivs av Mölndals stad. Skolans målsättning är lika enkel som ambitiös - att bli en av Sverige bästa gymnasieskolor. Franklins Gymnasium - Mölndal - GymnasieGuiden Franklins gymnasium ligger i kulturhuset Möllan, tidig",,Arlaplast bolagsfakta,https://support.nzpost.co.nz/s/article/Address-and-Postcode-Finder-FAQs?language=en_US,"Address and Postcode Finder FAQs Sep 12, 2023 · By having the correct postcode, it prevents mail from being delivered to the wrong address. How to find your postcode? To find a Postcode within New Zealand, use our Address … How do I find my postcode? Feb 15, 2022 · Visit our Address and Postcode Finder to find a New Zealand Postcode. This online self-help Finder shows you the correct postcode and address layout for all New Zealand postal … Search results - support.nzpost.co.nz By having the corr",,,,,,,,0.00,Inga org.nr hittades,,
1266,BootstrapLabs,corporation,,https://bootstraplabs.com/,BootstrapLabs organisationsnummer,,[Inga resultat hittades],,BootstrapLabs juridiskt namn,https://www.bellaitalia.co.uk/,"Italian Restaurants | Pizza & Pasta | Bella Italia | Bella Italia If you’re after an Italian restaurant with heart, Bella Italia is the perfect spot to eat, drink and unwind. Pasta leads the way here, and we treat it like a hero. Order Food Online from Restaurants | Takeaway Food Delivery | Bella Italia Discover the authentic taste of Italy at Bella Italia, your go-to destination for genuine Italian dining experiences. With locations throughout the UK, we bring the heart and soul of Italy to you",,BootstrapLabs allabolag,https://www.thestudentroom.co.uk/revision/alevel-gcse-exams/students-react-after-gcse-maths-paper-1-on-15-may-2025,"Students react after GCSE Maths Paper 1 on 15 May 2025 May 15, 2025 · Exam and revision articles and resources on The Student Room Our main revision articles hub How to handle revision and exam stress What's your revision personality? How to … The Student Room Come join the world's largest student community and get help with your studies, advice from your peers or just have a good chat about what's on your mind. Clearing & defer entry 2026 - The Student Room Jun 1, 2025 · Clearing is to fill pla",,BootstrapLabs bolagsfakta,https://es.mail.yahoo.com/,"Iniciar sesión en Yahoo Mail Inicia sesión para acceder al mejor correo electrónico con Yahoo Mail, noticias de última hora locales, nacionales y mundiales, finanzas, deportes, música, películas... Yahoo Mail Inicia sesión para ver las herramientas organizativas gratuitas de tu correo electrónico. Echa un vistazo a los nuevos temas, envía archivos en formato GIF, encuentra todas las fotos que hayas... Iniciar sesión - Ingresar en Yahoo - Yahoo Mail Inicia sesión para acceder al mejor servicio de",,,,,,,,0.00,Inga org.nr hittades,,
1853,Bäckström Stockholm AB,corporation,,https://backstroms.se/,Bäckström Stockholm AB organisationsnummer,https://www.imdb.com/title/tt10068932/,"Bäckström (TV Series 2020– ) - IMDb Bäckström: With Kjell Bergqvist, Agnes Lindström Bolmgren, Filip Berg, Peshang Rad. Unscrupulous and arrogant murder detective Evert Bäckström finds himself with the hardest … Bäckström (TV-serie) – Wikipedia Bäckström är en svensk kriminalserie med premiär på C More den 23 mars 2020 och på TV4 den 7 april 2020. Serien bygger på Leif G.W. Perssons böcker om kommissarien med samma namn. «Бекстрём» (Bäckström, 2020) - Кинопоиск Бекстрём (сериал 2020 – ...) Bäcks",,Bäckström Stockholm AB juridiskt namn,https://www.imdb.com/title/tt10068932/,"Bäckström (TV Series 2020– ) - IMDb Bäckström: With Kjell Bergqvist, Agnes Lindström Bolmgren, Filip Berg, Peshang Rad. Unscrupulous and arrogant murder detective Evert Bäckström finds himself with the hardest case he ever had … Bäckström (TV-serie) – Wikipedia Bäckström är en svensk kriminalserie med premiär på C More den 23 mars 2020 och på TV4 den 7 april 2020. Serien bygger på Leif G.W. Perssons böcker om kommissarien med samma namn. «Бекстрём» (Bäckström, 2020) - Кинопоиск Бекстрём (сериал ",,Bäckström Stockholm AB allabolag,,[Inga resultat hittades],,Bäckström Stockholm AB bolagsfakta,,[Inga resultat hittades],,,,,,,,0.00,Inga org.nr hittades,,
1549,CB Insights,corporation,,https://www.cbinsights.com,CB Insights organisationsnummer,https://zhidao.baidu.com/question/1680641156704473867.html,"cb是什么意思 cb是网络用语吗_百度知道 Aug 6, 2024 · cb是什么意思 CB来源于ACG文化中，全称为Character Combination，即关系很好的角色组合。 引申为可以用CB来指二人的关系很亲密，与“CP”有着些许不同。 以上就是关 … 想问一下你们磕的是cp还是cb？ - 知乎 cb，即“Combination”，则意为非恋爱关系 单词大意为“结合”、“联合”“混合体”等，在同人圈表示角色间亲密的关系。 这种关系可以是友情、亲情等非恋爱关系，但也可以是有些微妙的亲密关系。 CB是什么意思? - 百度知道 Aug 9, 2024 · CB，常是指亲情、友情关系很好的组合。来源于ACG文化中，全称为Character Combination，即关系很好的角色组合。 引申为可以用CB来指二人的关系很亲密，与“CP”有 …",,CB Insights juridiskt namn,https://zhidao.baidu.com/question/1680641156704473867.html,"cb是什么意思 cb是网络用语吗_百度知道 Aug 6, 2024 · cb是什么意思 CB来源于ACG文化中，全称为Character Combination，即关系很好的角色组合。 引申为可以用CB来指二人的关系很亲密，与“CP”有着些许不同。 以上就是关于cb是什么 … 想问一下你们磕的是cp还是cb？ - 知乎 cb，即“Combination”，则意为非恋爱关系 单词大意为“结合”、“联合”“混合体”等，在同人圈表示角色间亲密的关系。 这种关系可以是友情、亲情等非恋爱关系，但也可以是有些微妙的亲密关系。 CB是什么意思? - 百度知道 Aug 9, 2024 · CB，常是指亲情、友情关系很好的组合。来源于ACG文化中，全称为Character Combination，即关系很好的角色组合。 引申为可以用CB来指二人的关系很亲密，与“CP”有着些许 …",,CB Insights allabolag,https://zhidao.baidu.com/question/1680641156704473867.html,"cb是什么意思 cb是网络用语吗_百度知道 Aug 6, 2024 · cb是什么意思 CB来源于ACG文化中，全称为Character Combination，即关系很好的角色组合。 引申为可以用CB来指二人的关系很亲密，与“CP”有着些许不同。 以上就是关 … 想问一下你们磕的是cp还是cb？ - 知乎 cb，即“Combination”，则意为非恋爱关系 单词大意为“结合”、“联合”“混合体”等，在同人圈表示角色间亲密的关系。 这种关系可以是友情、亲情等非恋爱关系，但也可以是有些微妙的亲密关系。 CB是什么意思? - 百度知道 Aug 9, 2024 · CB，常是指亲情、友情关系很好的组合。来源于ACG文化中，全称为Character Combination，即关系很好的角色组合。 引申为可以用CB来指二人的关系很亲密，与“CP”有 …",,CB Insights bolagsfakta,https://zhidao.baidu.com/question/1680641156704473867.html,"cb是什么意思 cb是网络用语吗_百度知道 Aug 6, 2024 · cb是什么意思 CB来源于ACG文化中，全称为Character Combination，即关系很好的角色组合。 引申为可以用CB来指二人的关系很亲密，与“CP”有着些许不同。 以上就是关 … 想问一下你们磕的是cp还是cb？ - 知乎 cb，即“Combination”，则意为非恋爱关系 单词大意为“结合”、“联合”“混合体”等，在同人圈表示角色间亲密的关系。 这种关系可以是友情、亲情等非恋爱关系，但也可以是有些微妙的亲密关系。 CB是什么意思? - 百度知道 Aug 9, 2024 · CB，常是指亲情、友情关系很好的组合。来源于ACG文化中，全称为Character Combination，即关系很好的角色组合。 引申为可以用CB来指二人的关系很亲密，与“CP”有 …",,,,,,,,0.00,Inga org.nr hittades,,
