company_id;company_name;matched_name;score;match_type;orgnr;status;city;jurform;sni;payload
1164;Örebro University;ÖREBRO UNIVERSITET;91;fuzzy;162021002924;1;ÖREBRO;81;85420;"{""PeOrgNr"": ""162021002924"", ""Namn"": ""ÖREBRO UNIVERSITET"", ""Foretagsnamn"": """", ""FtgStat"": ""1"", ""JEStat"": ""1"", ""JurForm"": ""81"", ""Gatuadress"": """", ""PostNr"": ""70182"", ""PostOrt"": ""ÖREBRO"", ""COAdress"": """", ""RegDatKtid"": ""19770101"", ""Ng1"": ""85420"", ""Ng2"": """", ""Ng3"": """", ""Ng4"": """", ""Ng5"": """", ""Reklamsparrtyp"": ""1""}"
1183;Santa Anna IT Research Institute AB;Santa Anna IT Research Institute AB;96;fuzzy;165593184152;1;LINKÖPING;49;62010;"{""PeOrgNr"": ""165593184152"", ""Namn"": ""Santa Anna IT Research Institute AB"", ""Foretagsnamn"": """", ""FtgStat"": ""1"", ""JEStat"": ""1"", ""JurForm"": ""49"", ""Gatuadress"": ""LINKÖPINGS UNIVERSITET"", ""PostNr"": ""58183"", ""PostOrt"": ""LINKÖPING"", ""COAdress"": ""LINKÖPINGS UNIVERSITET, IDA"", ""RegDatKtid"": ""20210521"", ""Ng1"": ""62010"", ""Ng2"": """", ""Ng3"": """", ""Ng4"": """", ""Ng5"": """", ""Reklamsparrtyp"": ""1""}"
1267;Kista Science City AB;KISTA SCIENCE CITY AB;92;fuzzy;165565676953;1;KISTA;49;70220;"{""PeOrgNr"": ""165565676953"", ""Namn"": ""KISTA SCIENCE CITY AB"", ""Foretagsnamn"": """", ""FtgStat"": ""1"", ""JEStat"": ""1"", ""JurForm"": ""49"", ""Gatuadress"": ""BOX 1073"", ""PostNr"": ""16425"", ""PostOrt"": ""KISTA"", ""COAdress"": """", ""RegDatKtid"": ""19990716"", ""Ng1"": ""70220"", ""Ng2"": ""68203"", ""Ng3"": """", ""Ng4"": """", ""Ng5"": """", ""Reklamsparrtyp"": ""1""}"
1298;Karolinska Institute;KAROLINSKA INSTITUTET;98;fuzzy;162021002973;1;STOCKHOLM;81;85420;"{""PeOrgNr"": ""162021002973"", ""Namn"": ""KAROLINSKA INSTITUTET"", ""Foretagsnamn"": """", ""FtgStat"": ""1"", ""JEStat"": ""1"", ""JurForm"": ""81"", ""Gatuadress"": """", ""PostNr"": ""17177"", ""PostOrt"": ""STOCKHOLM"", ""COAdress"": """", ""RegDatKtid"": ""19770101"", ""Ng1"": ""85420"", ""Ng2"": ""84122"", ""Ng3"": """", ""Ng4"": """", ""Ng5"": """", ""Reklamsparrtyp"": ""1""}"
1315;Uppsala University;UPPSALA UNIVERSITET;92;fuzzy;162021002932;1;UPPSALA;81;85420;"{""PeOrgNr"": ""162021002932"", ""Namn"": ""UPPSALA UNIVERSITET"", ""Foretagsnamn"": """", ""FtgStat"": ""1"", ""JEStat"": ""1"", ""JurForm"": ""81"", ""Gatuadress"": ""BOX 256"", ""PostNr"": ""75105"", ""PostOrt"": ""UPPSALA"", ""COAdress"": """", ""RegDatKtid"": ""19770101"", ""Ng1"": ""85420"", ""Ng2"": ""72200"", ""Ng3"": ""72190"", ""Ng4"": ""91011"", ""Ng5"": ""62030"", ""Reklamsparrtyp"": ""1""}"
1332;Sveriges Kommuner och Regioner (SKR);SVERIGES KOMMUNER OCH REGIONER;91;fuzzy;162220000315;1;STOCKHOLM;61;94112;"{""PeOrgNr"": ""162220000315"", ""Namn"": ""SVERIGES KOMMUNER OCH REGIONER"", ""Foretagsnamn"": """", ""FtgStat"": ""1"", ""JEStat"": ""1"", ""JurForm"": ""61"", ""Gatuadress"": """", ""PostNr"": ""11882"", ""PostOrt"": ""STOCKHOLM"", ""COAdress"": """", ""RegDatKtid"": ""19760101"", ""Ng1"": ""94112"", ""Ng2"": """", ""Ng3"": """", ""Ng4"": """", ""Ng5"": """", ""Reklamsparrtyp"": ""1""}"
1370;SSG Standard Solutions Group AB;SSG Standard Solutions Group AB;95;fuzzy;165564031523;1;SUNDSVALL;49;71122;"{""PeOrgNr"": ""165564031523"", ""Namn"": ""SSG Standard Solutions Group AB"", ""Foretagsnamn"": """", ""FtgStat"": ""1"", ""JEStat"": ""1"", ""JurForm"": ""49"", ""Gatuadress"": ""SKÖNSBERGSVÄGEN 3"", ""PostNr"": ""85641"", ""PostOrt"": ""SUNDSVALL"", ""COAdress"": """", ""RegDatKtid"": ""19900813"", ""Ng1"": ""71122"", ""Ng2"": """", ""Ng3"": """", ""Ng4"": """", ""Ng5"": """", ""Reklamsparrtyp"": ""1""}"
1401;Hyperight;Hyperight AB;86;fuzzy;165590107842;1;STOCKHOLM;49;82300;"{""PeOrgNr"": ""165590107842"", ""Namn"": ""Hyperight AB"", ""Foretagsnamn"": """", ""FtgStat"": ""1"", ""JEStat"": ""1"", ""JurForm"": ""49"", ""Gatuadress"": ""REGERINGSGATAN 70 A LGH 1103"", ""PostNr"": ""11139"", ""PostOrt"": ""STOCKHOLM"", ""COAdress"": """", ""RegDatKtid"": ""20150416"", ""Ng1"": ""82300"", ""Ng2"": """", ""Ng3"": """", ""Ng4"": """", ""Ng5"": """", ""Reklamsparrtyp"": ""1""}"
1420;Örebro Universitet Holding AB;Örebro Universitet Holding AB;95;fuzzy;165568975360;1;ÖREBRO;49;74900;"{""PeOrgNr"": ""165568975360"", ""Namn"": ""Örebro Universitet Holding AB"", ""Foretagsnamn"": """", ""FtgStat"": ""1"", ""JEStat"": ""1"", ""JurForm"": ""49"", ""Gatuadress"": ""FAKULTETSGATAN 1"", ""PostNr"": ""70182"", ""PostOrt"": ""ÖREBRO"", ""COAdress"": """", ""RegDatKtid"": ""20120705"", ""Ng1"": ""74900"", ""Ng2"": """", ""Ng3"": """", ""Ng4"": """", ""Ng5"": """", ""Reklamsparrtyp"": ""1""}"
1454;Kungl. IngenjörsVetenskapsAkademien (IVA);KUNGL.INGENJÖRSVETENSKAPSAKADEMIEN IVA;96;fuzzy;162620001160;1;STOCKHOLM;87;72190;"{""PeOrgNr"": ""162620001160"", ""Namn"": ""KUNGL.INGENJÖRSVETENSKAPSAKADEMIEN IVA"", ""Foretagsnamn"": """", ""FtgStat"": ""1"", ""JEStat"": ""1"", ""JurForm"": ""87"", ""Gatuadress"": ""BOX 5073"", ""PostNr"": ""10242"", ""PostOrt"": ""STOCKHOLM"", ""COAdress"": """", ""RegDatKtid"": ""19790101"", ""Ng1"": ""72190"", ""Ng2"": ""72110"", ""Ng3"": """", ""Ng4"": """", ""Ng5"": """", ""Reklamsparrtyp"": ""1""}"
1464;Innovation Skåne;Innovation Skåne AB;91;fuzzy;165564955366;1;LUND;49;70220;"{""PeOrgNr"": ""165564955366"", ""Namn"": ""Innovation Skåne AB"", ""Foretagsnamn"": """", ""FtgStat"": ""1"", ""JEStat"": ""1"", ""JurForm"": ""49"", ""Gatuadress"": ""SCHEELEVÄGEN 8"", ""PostNr"": ""22381"", ""PostOrt"": ""LUND"", ""COAdress"": ""MEDICON VILLAGE"", ""RegDatKtid"": ""19941001"", ""Ng1"": ""70220"", ""Ng2"": ""85600"", ""Ng3"": """", ""Ng4"": """", ""Ng5"": """", ""Reklamsparrtyp"": ""1""}"
1467;Smart Innovation Norway;SMART INNOVATION NORWAY AS;94;fuzzy;165020922869;9;UTLANDET;96;72190;"{""PeOrgNr"": ""165020922869"", ""Namn"": ""SMART INNOVATION NORWAY AS"", ""Foretagsnamn"": """", ""FtgStat"": ""9"", ""JEStat"": ""1"", ""JurForm"": ""96"", ""Gatuadress"": ""HÅKAN MELBERGS VEI 16 1783 HALDEN"", ""PostNr"": ""00000"", ""PostOrt"": ""UTLANDET"", ""COAdress"": """", ""RegDatKtid"": ""20221209"", ""Ng1"": ""72190"", ""Ng2"": """", ""Ng3"": """", ""Ng4"": """", ""Ng5"": """", ""Reklamsparrtyp"": ""1""}"
1481;Umeå University;UMEÅ UNIVERSITET;90;fuzzy;162021002874;1;UMEÅ;81;85420;"{""PeOrgNr"": ""162021002874"", ""Namn"": ""UMEÅ UNIVERSITET"", ""Foretagsnamn"": """", ""FtgStat"": ""1"", ""JEStat"": ""1"", ""JurForm"": ""81"", ""Gatuadress"": """", ""PostNr"": ""90187"", ""PostOrt"": ""UMEÅ"", ""COAdress"": """", ""RegDatKtid"": ""19770101"", ""Ng1"": ""85420"", ""Ng2"": """", ""Ng3"": """", ""Ng4"": """", ""Ng5"": """", ""Reklamsparrtyp"": ""1""}"
1513;Kalmar Science Park;KALMAR SCIENCE PARK AB;93;fuzzy;165565042859;1;KALMAR;49;70220;"{""PeOrgNr"": ""165565042859"", ""Namn"": ""KALMAR SCIENCE PARK AB"", ""Foretagsnamn"": """", ""FtgStat"": ""1"", ""JEStat"": ""1"", ""JurForm"": ""49"", ""Gatuadress"": ""BREDBANDET 1"", ""PostNr"": ""39251"", ""PostOrt"": ""KALMAR"", ""COAdress"": """", ""RegDatKtid"": ""19950129"", ""Ng1"": ""70220"", ""Ng2"": """", ""Ng3"": """", ""Ng4"": """", ""Ng5"": """", ""Reklamsparrtyp"": ""1""}"
1544;Teknikministeriet;Teknikministeriet AB;92;fuzzy;165590769070;1;VÄRMDÖ;49;70210;"{""PeOrgNr"": ""165590769070"", ""Namn"": ""Teknikministeriet AB"", ""Foretagsnamn"": """", ""FtgStat"": ""1"", ""JEStat"": ""1"", ""JurForm"": ""49"", ""Gatuadress"": ""HJORTRONMOSSEVÄGEN 39"", ""PostNr"": ""13935"", ""PostOrt"": ""VÄRMDÖ"", ""COAdress"": ""MAGNUS ASCHAN"", ""RegDatKtid"": ""20160922"", ""Ng1"": ""70210"", ""Ng2"": """", ""Ng3"": """", ""Ng4"": """", ""Ng5"": """", ""Reklamsparrtyp"": ""1""}"
1601;M.O.A.A. Consulting AB;M.O.A.A. Consulting AB;93;fuzzy;165591752646;1;SOLNA;49;70220;"{""PeOrgNr"": ""165591752646"", ""Namn"": ""M.O.A.A. Consulting AB"", ""Foretagsnamn"": """", ""FtgStat"": ""1"", ""JEStat"": ""1"", ""JurForm"": ""49"", ""Gatuadress"": ""ÖSTERVÄGEN 1"", ""PostNr"": ""16952"", ""PostOrt"": ""SOLNA"", ""COAdress"": ""MOA NORSTRÖM"", ""RegDatKtid"": ""20181018"", ""Ng1"": ""70220"", ""Ng2"": """", ""Ng3"": """", ""Ng4"": """", ""Ng5"": """", ""Reklamsparrtyp"": ""1""}"
1615;Oxide AI;Oxide AB;88;fuzzy;165591592596;1;MALMÖ;49;62010;"{""PeOrgNr"": ""165591592596"", ""Namn"": ""Oxide AB"", ""Foretagsnamn"": """", ""FtgStat"": ""1"", ""JEStat"": ""1"", ""JurForm"": ""49"", ""Gatuadress"": ""VÄSTERGATAN 18 B"", ""PostNr"": ""21121"", ""PostOrt"": ""MALMÖ"", ""COAdress"": """", ""RegDatKtid"": ""20180517"", ""Ng1"": ""62010"", ""Ng2"": """", ""Ng3"": """", ""Ng4"": """", ""Ng5"": """", ""Reklamsparrtyp"": ""1""}"
1625;VR Sverige AB;VR Sverige AB;87;fuzzy;165563519437;1;NACKA;49;49100;"{""PeOrgNr"": ""165563519437"", ""Namn"": ""VR Sverige AB"", ""Foretagsnamn"": """", ""FtgStat"": ""1"", ""JEStat"": ""1"", ""JurForm"": ""49"", ""Gatuadress"": ""SICKLASTRÅKET 4  3TR"", ""PostNr"": ""13154"", ""PostOrt"": ""NACKA"", ""COAdress"": """", ""RegDatKtid"": ""19890312"", ""Ng1"": ""49100"", ""Ng2"": ""49311"", ""Ng3"": ""49319"", ""Ng4"": """", ""Ng5"": """", ""Reklamsparrtyp"": ""1""}"
1650;Volym Digitalbyrå AB;Volym Digitalbyrå AB;92;fuzzy;165569059149;1;GÖTEBORG;49;59110;"{""PeOrgNr"": ""165569059149"", ""Namn"": ""Volym Digitalbyrå AB"", ""Foretagsnamn"": """", ""FtgStat"": ""1"", ""JEStat"": ""1"", ""JurForm"": ""49"", ""Gatuadress"": ""MASTHAMNSGATAN 21"", ""PostNr"": ""41329"", ""PostOrt"": ""GÖTEBORG"", ""COAdress"": """", ""RegDatKtid"": ""20121004"", ""Ng1"": ""59110"", ""Ng2"": ""73111"", ""Ng3"": ""59120"", ""Ng4"": """", ""Ng5"": """", ""Reklamsparrtyp"": ""1""}"
1713;Capio S:t Görans Sjukhus;CAPIO S:T GÖRANS SJUKHUS AB;94;fuzzy;165564791456;1;STOCKHOLM;49;86102;"{""PeOrgNr"": ""165564791456"", ""Namn"": ""CAPIO S:T GÖRANS SJUKHUS AB"", ""Foretagsnamn"": """", ""FtgStat"": ""1"", ""JEStat"": ""1"", ""JurForm"": ""49"", ""Gatuadress"": ""S:T GÖRANSG 141"", ""PostNr"": ""11281"", ""PostOrt"": ""STOCKHOLM"", ""COAdress"": ""EKONOMIAVD"", ""RegDatKtid"": ""19940205"", ""Ng1"": ""86102"", ""Ng2"": ""86221"", ""Ng3"": """", ""Ng4"": """", ""Ng5"": """", ""Reklamsparrtyp"": ""1""}"
1747;Karlstad University;KARLSTADS UNIVERSITET;90;fuzzy;162021003120;1;KARLSTAD;81;85420;"{""PeOrgNr"": ""162021003120"", ""Namn"": ""KARLSTADS UNIVERSITET"", ""Foretagsnamn"": """", ""FtgStat"": ""1"", ""JEStat"": ""1"", ""JurForm"": ""81"", ""Gatuadress"": """", ""PostNr"": ""65188"", ""PostOrt"": ""KARLSTAD"", ""COAdress"": """", ""RegDatKtid"": ""19770101"", ""Ng1"": ""85420"", ""Ng2"": """", ""Ng3"": """", ""Ng4"": """", ""Ng5"": """", ""Reklamsparrtyp"": ""1""}"
1771;TRELLEBORGS ENERGI;Trelleborgs Energi AB;92;fuzzy;165566223185;1;TRELLEBORG;49;35300;"{""PeOrgNr"": ""165566223185"", ""Namn"": ""Trelleborgs Energi AB"", ""Foretagsnamn"": """", ""FtgStat"": ""1"", ""JEStat"": ""1"", ""JurForm"": ""49"", ""Gatuadress"": ""RÅDHUSET"", ""PostNr"": ""23183"", ""PostOrt"": ""TRELLEBORG"", ""COAdress"": """", ""RegDatKtid"": ""20020121"", ""Ng1"": ""35300"", ""Ng2"": """", ""Ng3"": """", ""Ng4"": """", ""Ng5"": """", ""Reklamsparrtyp"": ""1""}"
1840;Styrelsen för ackreditering och teknisk kontroll (Swedac);STYRELSEN FÖR ACKREDITERING OCH TEKNISK KONTROLL;91;fuzzy;162021003815;1;BORÅS;81;71200;"{""PeOrgNr"": ""162021003815"", ""Namn"": ""STYRELSEN FÖR ACKREDITERING OCH TEKNISK KONTROLL"", ""Foretagsnamn"": """", ""FtgStat"": ""1"", ""JEStat"": ""1"", ""JurForm"": ""81"", ""Gatuadress"": ""BOX 878"", ""PostNr"": ""50115"", ""PostOrt"": ""BORÅS"", ""COAdress"": """", ""RegDatKtid"": ""19830423"", ""Ng1"": ""71200"", ""Ng2"": """", ""Ng3"": """", ""Ng4"": """", ""Ng5"": """", ""Reklamsparrtyp"": ""1""}"
1872;Beegleton;Beegleton AB;86;fuzzy;165591277669;1;NORRKÖPING;49;73111;"{""PeOrgNr"": ""165591277669"", ""Namn"": ""Beegleton AB"", ""Foretagsnamn"": """", ""FtgStat"": ""1"", ""JEStat"": ""1"", ""JurForm"": ""49"", ""Gatuadress"": ""SLOTTSGATAN 107"", ""PostNr"": ""60222"", ""PostOrt"": ""NORRKÖPING"", ""COAdress"": """", ""RegDatKtid"": ""20171005"", ""Ng1"": ""73111"", ""Ng2"": ""70220"", ""Ng3"": ""85600"", ""Ng4"": """", ""Ng5"": """", ""Reklamsparrtyp"": ""1""}"
1887;Eskilstuna Strängnäs Energi och Miljö;Eskilstuna Strängnäs Energi och Miljö Aktiebolag;87;fuzzy;165569357501;1;ESKILSTUNA;49;38110;"{""PeOrgNr"": ""165569357501"", ""Namn"": ""Eskilstuna Strängnäs Energi och Miljö Aktiebolag"", ""Foretagsnamn"": """", ""FtgStat"": ""1"", ""JEStat"": ""1"", ""JurForm"": ""49"", ""Gatuadress"": """", ""PostNr"": ""63186"", ""PostOrt"": ""ESKILSTUNA"", ""COAdress"": """", ""RegDatKtid"": ""20130704"", ""Ng1"": ""38110"", ""Ng2"": ""36001"", ""Ng3"": ""35130"", ""Ng4"": ""38120"", ""Ng5"": ""35300"", ""Reklamsparrtyp"": ""1""}"
1931;Caybon International AB;Caybon International AB;93;fuzzy;165566209002;1;STOCKHOLM;49;70100;"{""PeOrgNr"": ""165566209002"", ""Namn"": ""Caybon International AB"", ""Foretagsnamn"": """", ""FtgStat"": ""1"", ""JEStat"": ""1"", ""JurForm"": ""49"", ""Gatuadress"": ""BIRGER JARLSGATAN 43"", ""PostNr"": ""11145"", ""PostOrt"": ""STOCKHOLM"", ""COAdress"": """", ""RegDatKtid"": ""20020107"", ""Ng1"": ""70100"", ""Ng2"": """", ""Ng3"": """", ""Ng4"": """", ""Ng5"": """", ""Reklamsparrtyp"": ""1""}"
1961;Karlstad Kommun;KARLSTADS KOMMUN;97;fuzzy;162120001850;1;KARLSTAD;82;87301;"{""PeOrgNr"": ""162120001850"", ""Namn"": ""KARLSTADS KOMMUN"", ""Foretagsnamn"": """", ""FtgStat"": ""1"", ""JEStat"": ""1"", ""JurForm"": ""82"", ""Gatuadress"": """", ""PostNr"": ""65184"", ""PostOrt"": ""KARLSTAD"", ""COAdress"": """", ""RegDatKtid"": ""19740101"", ""Ng1"": ""87301"", ""Ng2"": ""85201"", ""Ng3"": ""88101"", ""Ng4"": ""85100"", ""Ng5"": ""87901"", ""Reklamsparrtyp"": ""1""}"
2000;Lund University;LUNDS UNIVERSITET;88;fuzzy;162021003211;1;LUND;81;85420;"{""PeOrgNr"": ""162021003211"", ""Namn"": ""LUNDS UNIVERSITET"", ""Foretagsnamn"": """", ""FtgStat"": ""1"", ""JEStat"": ""1"", ""JurForm"": ""81"", ""Gatuadress"": ""BOX 177"", ""PostNr"": ""22100"", ""PostOrt"": ""LUND"", ""COAdress"": """", ""RegDatKtid"": ""19770101"", ""Ng1"": ""85420"", ""Ng2"": ""72190"", ""Ng3"": ""84122"", ""Ng4"": ""91011"", ""Ng5"": ""72200"", ""Reklamsparrtyp"": ""1""}"
2128;Stockholm Univeristy;STOCKHOLMS UNIVERSITET;86;fuzzy;162021003062;1;STOCKHOLM;81;85420;"{""PeOrgNr"": ""162021003062"", ""Namn"": ""STOCKHOLMS UNIVERSITET"", ""Foretagsnamn"": """", ""FtgStat"": ""1"", ""JEStat"": ""1"", ""JurForm"": ""81"", ""Gatuadress"": """", ""PostNr"": ""10691"", ""PostOrt"": ""STOCKHOLM"", ""COAdress"": """", ""RegDatKtid"": ""19780101"", ""Ng1"": ""85420"", ""Ng2"": ""72190"", ""Ng3"": ""72200"", ""Ng4"": ""91040"", ""Ng5"": ""84122"", ""Reklamsparrtyp"": ""1""}"
2130;BUILD:ology;Build:ology AB;88;fuzzy;165594631011;1;GÖTEBORG;49;71121;"{""PeOrgNr"": ""165594631011"", ""Namn"": ""Build:ology AB"", ""Foretagsnamn"": """", ""FtgStat"": ""1"", ""JEStat"": ""1"", ""JurForm"": ""49"", ""Gatuadress"": ""STAMPGATAN 8  2TR"", ""PostNr"": ""41103"", ""PostOrt"": ""GÖTEBORG"", ""COAdress"": """", ""RegDatKtid"": ""20231215"", ""Ng1"": ""71121"", ""Ng2"": """", ""Ng3"": """", ""Ng4"": """", ""Ng5"": """", ""Reklamsparrtyp"": ""1""}"
2202;Nimble & Co;Nimble & co AB;88;fuzzy;165592899495;1;GÖTEBORG;49;70220;"{""PeOrgNr"": ""165592899495"", ""Namn"": ""Nimble & co AB"", ""Foretagsnamn"": """", ""FtgStat"": ""1"", ""JEStat"": ""1"", ""JurForm"": ""49"", ""Gatuadress"": ""CHALMERSGATAN 26"", ""PostNr"": ""41135"", ""PostOrt"": ""GÖTEBORG"", ""COAdress"": ""VERONICA STENBERG"", ""RegDatKtid"": ""20201218"", ""Ng1"": ""70220"", ""Ng2"": ""73111"", ""Ng3"": """", ""Ng4"": """", ""Ng5"": """", ""Reklamsparrtyp"": ""1""}"
2203;Nackastrandsgymnasium;Nacka Strands Gymnasium AB;89;fuzzy;165566765995;1;NACKA STRAND;49;85311;"{""PeOrgNr"": ""165566765995"", ""Namn"": ""Nacka Strands Gymnasium AB"", ""Foretagsnamn"": """", ""FtgStat"": ""1"", ""JEStat"": ""1"", ""JurForm"": ""49"", ""Gatuadress"": ""BOX 1126"", ""PostNr"": ""13126"", ""PostOrt"": ""NACKA STRAND"", ""COAdress"": """", ""RegDatKtid"": ""20050224"", ""Ng1"": ""85311"", ""Ng2"": """", ""Ng3"": """", ""Ng4"": """", ""Ng5"": """", ""Reklamsparrtyp"": ""1""}"
2208;Berghs School of Communication;BERGHS SCHOOL OF COMMUNICATION AB;95;fuzzy;165561350355;1;STOCKHOLM;49;85594;"{""PeOrgNr"": ""165561350355"", ""Namn"": ""BERGHS SCHOOL OF COMMUNICATION AB"", ""Foretagsnamn"": """", ""FtgStat"": ""1"", ""JEStat"": ""1"", ""JurForm"": ""49"", ""Gatuadress"": ""CO BERGHS SOC BOX 1380"", ""PostNr"": ""11193"", ""PostOrt"": ""STOCKHOLM"", ""COAdress"": """", ""RegDatKtid"": ""19720101"", ""Ng1"": ""85594"", ""Ng2"": ""68203"", ""Ng3"": """", ""Ng4"": """", ""Ng5"": """", ""Reklamsparrtyp"": ""1""}"
2212;Försvarets materielverk (FMV);FÖRSVARETS MATERIELVERK;88;fuzzy;162021000340;1;STOCKHOLM;81;84222;"{""PeOrgNr"": ""162021000340"", ""Namn"": ""FÖRSVARETS MATERIELVERK"", ""Foretagsnamn"": """", ""FtgStat"": ""1"", ""JEStat"": ""1"", ""JurForm"": ""81"", ""Gatuadress"": """", ""PostNr"": ""11588"", ""PostOrt"": ""STOCKHOLM"", ""COAdress"": """", ""RegDatKtid"": ""19750101"", ""Ng1"": ""84222"", ""Ng2"": """", ""Ng3"": """", ""Ng4"": """", ""Ng5"": """", ""Reklamsparrtyp"": ""1""}"
2253;Universitets- och högskolerådet (UHR);Universitets- och högskolerådet;91;fuzzy;162021006487;1;SOLNA;81;84122;"{""PeOrgNr"": ""162021006487"", ""Namn"": ""Universitets- och högskolerådet"", ""Foretagsnamn"": """", ""FtgStat"": ""1"", ""JEStat"": ""1"", ""JurForm"": ""81"", ""Gatuadress"": ""BOX 4030"", ""PostNr"": ""17104"", ""PostOrt"": ""SOLNA"", ""COAdress"": """", ""RegDatKtid"": ""20130101"", ""Ng1"": ""84122"", ""Ng2"": """", ""Ng3"": """", ""Ng4"": """", ""Ng5"": """", ""Reklamsparrtyp"": ""1""}"
2257;Myndigheten för samhällsskydd och beredskap;Myndigheten för samhällsskydd och beredskap (MSB);93;fuzzy;162021005984;1;KARLSTAD;81;84222;"{""PeOrgNr"": ""162021005984"", ""Namn"": ""Myndigheten för samhällsskydd och beredskap (MSB)"", ""Foretagsnamn"": """", ""FtgStat"": ""1"", ""JEStat"": ""1"", ""JurForm"": ""81"", ""Gatuadress"": """", ""PostNr"": ""65181"", ""PostOrt"": ""KARLSTAD"", ""COAdress"": """", ""RegDatKtid"": ""20090103"", ""Ng1"": ""84222"", ""Ng2"": ""84223"", ""Ng3"": """", ""Ng4"": """", ""Ng5"": """", ""Reklamsparrtyp"": ""1""}"
2324;Barkarby Science;Barkarby Science AB;91;fuzzy;165591601413;1;JÄRFÄLLA;49;74900;"{""PeOrgNr"": ""165591601413"", ""Namn"": ""Barkarby Science AB"", ""Foretagsnamn"": """", ""FtgStat"": ""1"", ""JEStat"": ""1"", ""JurForm"": ""49"", ""Gatuadress"": ""VASAPLATSEN 11"", ""PostNr"": ""17780"", ""PostOrt"": ""JÄRFÄLLA"", ""COAdress"": ""JÄRFÄLLA KOMMUN"", ""RegDatKtid"": ""20180524"", ""Ng1"": ""74900"", ""Ng2"": """", ""Ng3"": """", ""Ng4"": """", ""Ng5"": """", ""Reklamsparrtyp"": ""1""}"
2325;Fictive Reality AB;Fictive Reality AB;91;fuzzy;165591628887;1;STOCKHOLM;49;62010;"{""PeOrgNr"": ""165591628887"", ""Namn"": ""Fictive Reality AB"", ""Foretagsnamn"": """", ""FtgStat"": ""1"", ""JEStat"": ""1"", ""JurForm"": ""49"", ""Gatuadress"": ""MEDBORGARPLATSEN 25"", ""PostNr"": ""11872"", ""PostOrt"": ""STOCKHOLM"", ""COAdress"": ""THE WORKS"", ""RegDatKtid"": ""20180621"", ""Ng1"": ""62010"", ""Ng2"": """", ""Ng3"": """", ""Ng4"": """", ""Ng5"": """", ""Reklamsparrtyp"": ""1""}"
2327;Vectorview;Vectorview AB;87;fuzzy;165594627415;1;BROMMA;49;62030;"{""PeOrgNr"": ""165594627415"", ""Namn"": ""Vectorview AB"", ""Foretagsnamn"": """", ""FtgStat"": ""1"", ""JEStat"": ""1"", ""JurForm"": ""49"", ""Gatuadress"": ""DJUPDALSVÄGEN 18"", ""PostNr"": ""16771"", ""PostOrt"": ""BROMMA"", ""COAdress"": """", ""RegDatKtid"": ""20231215"", ""Ng1"": ""62030"", ""Ng2"": """", ""Ng3"": """", ""Ng4"": """", ""Ng5"": """", ""Reklamsparrtyp"": ""1""}"
2328;Cocoon Airbag Protection AB;Cocoon Airbag Protection AB;94;fuzzy;165592112188;1;LUND;49;32990;"{""PeOrgNr"": ""165592112188"", ""Namn"": ""Cocoon Airbag Protection AB"", ""Foretagsnamn"": """", ""FtgStat"": ""1"", ""JEStat"": ""1"", ""JurForm"": ""49"", ""Gatuadress"": ""SCHEELEVÄGEN 2"", ""PostNr"": ""22381"", ""PostOrt"": ""LUND"", ""COAdress"": ""INFONOMY AB"", ""RegDatKtid"": ""20190703"", ""Ng1"": ""32990"", ""Ng2"": """", ""Ng3"": """", ""Ng4"": """", ""Ng5"": """", ""Reklamsparrtyp"": ""1""}"
2335;OneTwo Analytics AB;OneTwo Analytics AB;91;fuzzy;165592009715;1;STOCKHOLM;49;72190;"{""PeOrgNr"": ""165592009715"", ""Namn"": ""OneTwo Analytics AB"", ""Foretagsnamn"": """", ""FtgStat"": ""1"", ""JEStat"": ""1"", ""JurForm"": ""49"", ""Gatuadress"": ""KUNGSGATAN 84"", ""PostNr"": ""11227"", ""PostOrt"": ""STOCKHOLM"", ""COAdress"": """", ""RegDatKtid"": ""20190404"", ""Ng1"": ""72190"", ""Ng2"": """", ""Ng3"": """", ""Ng4"": """", ""Ng5"": """", ""Reklamsparrtyp"": ""1""}"
2336;Parametric Solutions AB;Parametric Solutions AB;93;fuzzy;165592622871;1;GÖTEBORG;49;62010;"{""PeOrgNr"": ""165592622871"", ""Namn"": ""Parametric Solutions AB"", ""Foretagsnamn"": """", ""FtgStat"": ""1"", ""JEStat"": ""1"", ""JurForm"": ""49"", ""Gatuadress"": ""LILLA NYGATAN 2"", ""PostNr"": ""41109"", ""PostOrt"": ""GÖTEBORG"", ""COAdress"": ""KRUSO DIGITAL AB"", ""RegDatKtid"": ""20200703"", ""Ng1"": ""62010"", ""Ng2"": ""85594"", ""Ng3"": ""64993"", ""Ng4"": ""71121"", ""Ng5"": """", ""Reklamsparrtyp"": ""1""}"
2337;Rebl Industries AB;Rebl Industries AB;91;fuzzy;165591671812;1;BORÅS;49;71122;"{""PeOrgNr"": ""165591671812"", ""Namn"": ""Rebl Industries AB"", ""Foretagsnamn"": """", ""FtgStat"": ""1"", ""JEStat"": ""1"", ""JurForm"": ""49"", ""Gatuadress"": ""BOX 881"", ""PostNr"": ""50115"", ""PostOrt"": ""BORÅS"", ""COAdress"": """", ""RegDatKtid"": ""20180809"", ""Ng1"": ""71122"", ""Ng2"": """", ""Ng3"": """", ""Ng4"": """", ""Ng5"": """", ""Reklamsparrtyp"": ""1""}"
2338;ANYO Labs;ANYO AB;88;fuzzy;165566645932;1;LUND;49;69201;"{""PeOrgNr"": ""165566645932"", ""Namn"": ""ANYO AB"", ""Foretagsnamn"": """", ""FtgStat"": ""1"", ""JEStat"": ""1"", ""JurForm"": ""49"", ""Gatuadress"": ""BETA 4"", ""PostNr"": ""22370"", ""PostOrt"": ""LUND"", ""COAdress"": ""FORSKNINGSBYN IDEON"", ""RegDatKtid"": ""20040813"", ""Ng1"": ""69201"", ""Ng2"": """", ""Ng3"": """", ""Ng4"": """", ""Ng5"": """", ""Reklamsparrtyp"": ""1""}"
2339;Utilifeed AB;Utilifeed AB;86;fuzzy;165590809280;1;GÖTEBORG;49;70220;"{""PeOrgNr"": ""165590809280"", ""Namn"": ""Utilifeed AB"", ""Foretagsnamn"": """", ""FtgStat"": ""1"", ""JEStat"": ""1"", ""JurForm"": ""49"", ""Gatuadress"": ""MASTHAMNSGATAN 5  VÅN 9"", ""PostNr"": ""41329"", ""PostOrt"": ""GÖTEBORG"", ""COAdress"": """", ""RegDatKtid"": ""20161020"", ""Ng1"": ""70220"", ""Ng2"": ""62090"", ""Ng3"": ""72190"", ""Ng4"": ""63110"", ""Ng5"": ""71124"", ""Reklamsparrtyp"": ""1""}"
2344;Hypocampus AB;Hypocampus AB;87;fuzzy;165590725155;1;GÖTEBORG;49;58290;"{""PeOrgNr"": ""165590725155"", ""Namn"": ""Hypocampus AB"", ""Foretagsnamn"": """", ""FtgStat"": ""1"", ""JEStat"": ""1"", ""JurForm"": ""49"", ""Gatuadress"": ""VASAPLATSEN 8"", ""PostNr"": ""41134"", ""PostOrt"": ""GÖTEBORG"", ""COAdress"": """", ""RegDatKtid"": ""20160811"", ""Ng1"": ""58290"", ""Ng2"": ""85600"", ""Ng3"": """", ""Ng4"": """", ""Ng5"": """", ""Reklamsparrtyp"": ""1""}"
2347;Gleechi Technology AB;Gleechi Technology AB;92;fuzzy;165594485376;1;BROMMA;49;62010;"{""PeOrgNr"": ""165594485376"", ""Namn"": ""Gleechi Technology AB"", ""Foretagsnamn"": """", ""FtgStat"": ""1"", ""JEStat"": ""1"", ""JurForm"": ""49"", ""Gatuadress"": ""MARIEHÄLLSVÄGEN 16"", ""PostNr"": ""16866"", ""PostOrt"": ""BROMMA"", ""COAdress"": ""HÜBNER"", ""RegDatKtid"": ""20230915"", ""Ng1"": ""62010"", ""Ng2"": """", ""Ng3"": """", ""Ng4"": """", ""Ng5"": """", ""Reklamsparrtyp"": ""1""}"
2348;Innowearable AB;Innowearable AB;89;fuzzy;165590008420;1;STOCKHOLM;49;26300;"{""PeOrgNr"": ""165590008420"", ""Namn"": ""Innowearable AB"", ""Foretagsnamn"": """", ""FtgStat"": ""1"", ""JEStat"": ""1"", ""JurForm"": ""49"", ""Gatuadress"": ""BIRGER JARLSGATAN 57 B 3TR"", ""PostNr"": ""11356"", ""PostOrt"": ""STOCKHOLM"", ""COAdress"": ""RSM STOCKHOLM AB"", ""RegDatKtid"": ""20150122"", ""Ng1"": ""26300"", ""Ng2"": """", ""Ng3"": """", ""Ng4"": """", ""Ng5"": """", ""Reklamsparrtyp"": ""1""}"
2353;Silex Microsystems;Silex Microsystems AB;92;fuzzy;165565915385;1;JÄRFÄLLA;49;26110;"{""PeOrgNr"": ""165565915385"", ""Namn"": ""Silex Microsystems AB"", ""Foretagsnamn"": """", ""FtgStat"": ""1"", ""JEStat"": ""1"", ""JurForm"": ""49"", ""Gatuadress"": ""BRUTTOVÄGEN 1"", ""PostNr"": ""17543"", ""PostOrt"": ""JÄRFÄLLA"", ""COAdress"": """", ""RegDatKtid"": ""20000515"", ""Ng1"": ""26110"", ""Ng2"": """", ""Ng3"": """", ""Ng4"": """", ""Ng5"": """", ""Reklamsparrtyp"": ""1""}"
2354;XENSE Vision;XENSE Vision AB;89;fuzzy;165593232795;1;JÖNKÖPING;49;62010;"{""PeOrgNr"": ""165593232795"", ""Namn"": ""XENSE Vision AB"", ""Foretagsnamn"": """", ""FtgStat"": ""1"", ""JEStat"": ""1"", ""JurForm"": ""49"", ""Gatuadress"": ""GJUTERIGATAN 9"", ""PostNr"": ""55318"", ""PostOrt"": ""JÖNKÖPING"", ""COAdress"": """", ""RegDatKtid"": ""20210618"", ""Ng1"": ""62010"", ""Ng2"": """", ""Ng3"": """", ""Ng4"": """", ""Ng5"": """", ""Reklamsparrtyp"": ""1""}"
2355;Blast Bit Enterprises AB;Blast Bit Enterprises AB;93;fuzzy;165592706930;1;UMEÅ;49;58210;"{""PeOrgNr"": ""165592706930"", ""Namn"": ""Blast Bit Enterprises AB"", ""Foretagsnamn"": """", ""FtgStat"": ""1"", ""JEStat"": ""1"", ""JurForm"": ""49"", ""Gatuadress"": ""KASERNGATAN 2"", ""PostNr"": ""90347"", ""PostOrt"": ""UMEÅ"", ""COAdress"": """", ""RegDatKtid"": ""20200911"", ""Ng1"": ""58210"", ""Ng2"": """", ""Ng3"": """", ""Ng4"": """", ""Ng5"": """", ""Reklamsparrtyp"": ""1""}"
2357;Multiply Potential AB;Multiply Potential AB;92;fuzzy;165592253768;1;STOCKHOLM;49;78200;"{""PeOrgNr"": ""165592253768"", ""Namn"": ""Multiply Potential AB"", ""Foretagsnamn"": """", ""FtgStat"": ""1"", ""JEStat"": ""1"", ""JurForm"": ""49"", ""Gatuadress"": ""ARTILLERIGATAN 77"", ""PostNr"": ""11445"", ""PostOrt"": ""STOCKHOLM"", ""COAdress"": """", ""RegDatKtid"": ""20191108"", ""Ng1"": ""78200"", ""Ng2"": """", ""Ng3"": """", ""Ng4"": """", ""Ng5"": """", ""Reklamsparrtyp"": ""1""}"
2358;GreenMetrica AB;GreenMetrica AB;89;fuzzy;165594703174;1;MALMÖ;49;62020;"{""PeOrgNr"": ""165594703174"", ""Namn"": ""GreenMetrica AB"", ""Foretagsnamn"": """", ""FtgStat"": ""1"", ""JEStat"": ""1"", ""JurForm"": ""49"", ""Gatuadress"": ""STORA VARVSGATAN 6 A"", ""PostNr"": ""21119"", ""PostOrt"": ""MALMÖ"", ""COAdress"": """", ""RegDatKtid"": ""20240202"", ""Ng1"": ""62020"", ""Ng2"": """", ""Ng3"": """", ""Ng4"": """", ""Ng5"": """", ""Reklamsparrtyp"": ""1""}"
2364;Dyno Robotics AB;Dyno Robotics AB;90;fuzzy;165591788020;1;LINKÖPING;49;62010;"{""PeOrgNr"": ""165591788020"", ""Namn"": ""Dyno Robotics AB"", ""Foretagsnamn"": """", ""FtgStat"": ""1"", ""JEStat"": ""1"", ""JurForm"": ""49"", ""Gatuadress"": ""STUREGATAN 12  LGH 1301"", ""PostNr"": ""58221"", ""PostOrt"": ""LINKÖPING"", ""COAdress"": ""ERIK ÖRJEHAG"", ""RegDatKtid"": ""20181108"", ""Ng1"": ""62010"", ""Ng2"": ""28990"", ""Ng3"": """", ""Ng4"": """", ""Ng5"": """", ""Reklamsparrtyp"": ""1""}"
2368;Lotus Field Analytics AB;Lotus Field Analytics AB;93;fuzzy;165594463878;9;LULEÅ;49;63110;"{""PeOrgNr"": ""165594463878"", ""Namn"": ""Lotus Field Analytics AB"", ""Foretagsnamn"": """", ""FtgStat"": ""9"", ""JEStat"": ""1"", ""JurForm"": ""49"", ""Gatuadress"": ""KUNGSGATAN 6 B"", ""PostNr"": ""97233"", ""PostOrt"": ""LULEÅ"", ""COAdress"": """", ""RegDatKtid"": ""20230901"", ""Ng1"": ""63110"", ""Ng2"": """", ""Ng3"": """", ""Ng4"": """", ""Ng5"": """", ""Reklamsparrtyp"": ""1""}"
2369;Inceptron;Inceptron AB;86;fuzzy;165594051236;1;LUND;49;62090;"{""PeOrgNr"": ""165594051236"", ""Namn"": ""Inceptron AB"", ""Foretagsnamn"": """", ""FtgStat"": ""1"", ""JEStat"": ""1"", ""JurForm"": ""49"", ""Gatuadress"": ""SCHEELEVÄGEN 15"", ""PostNr"": ""22370"", ""PostOrt"": ""LUND"", ""COAdress"": """", ""RegDatKtid"": ""20221111"", ""Ng1"": ""62090"", ""Ng2"": """", ""Ng3"": """", ""Ng4"": """", ""Ng5"": """", ""Reklamsparrtyp"": ""1""}"
2370;My Telescope;My Telescope AB;89;fuzzy;165590147483;1;STOCKHOLM;49;62010;"{""PeOrgNr"": ""165590147483"", ""Namn"": ""My Telescope AB"", ""Foretagsnamn"": """", ""FtgStat"": ""1"", ""JEStat"": ""1"", ""JurForm"": ""49"", ""Gatuadress"": ""TOMTEBOGATAN 5  BV"", ""PostNr"": ""11339"", ""PostOrt"": ""STOCKHOLM"", ""COAdress"": """", ""RegDatKtid"": ""20150528"", ""Ng1"": ""62010"", ""Ng2"": """", ""Ng3"": """", ""Ng4"": """", ""Ng5"": """", ""Reklamsparrtyp"": ""1""}"
2372;ON-IQ Solution AB;ON-IQ Solutions AB;88;fuzzy;165569487258;1;LUND;49;62030;"{""PeOrgNr"": ""165569487258"", ""Namn"": ""ON-IQ Solutions AB"", ""Foretagsnamn"": """", ""FtgStat"": ""1"", ""JEStat"": ""1"", ""JurForm"": ""49"", ""Gatuadress"": ""PARADISGATAN 1  LGH NR- 011B"", ""PostNr"": ""22350"", ""PostOrt"": ""LUND"", ""COAdress"": ""ON-IQ SOLUTIONS AB"", ""RegDatKtid"": ""20131114"", ""Ng1"": ""62030"", ""Ng2"": """", ""Ng3"": """", ""Ng4"": """", ""Ng5"": """", ""Reklamsparrtyp"": ""1""}"
2373;PainDrainer AB;PainDrainer AB;88;fuzzy;165591565196;1;LUND;49;62010;"{""PeOrgNr"": ""165591565196"", ""Namn"": ""PainDrainer AB"", ""Foretagsnamn"": """", ""FtgStat"": ""1"", ""JEStat"": ""1"", ""JurForm"": ""49"", ""Gatuadress"": ""MEDICON VILLAGE, SCHEELETORGET 1"", ""PostNr"": ""22381"", ""PostOrt"": ""LUND"", ""COAdress"": """", ""RegDatKtid"": ""20180419"", ""Ng1"": ""62010"", ""Ng2"": """", ""Ng3"": """", ""Ng4"": """", ""Ng5"": """", ""Reklamsparrtyp"": ""1""}"
2374;Parlametric AB;Parlametric AB;88;fuzzy;165591124556;1;LUND;49;63110;"{""PeOrgNr"": ""165591124556"", ""Namn"": ""Parlametric AB"", ""Foretagsnamn"": """", ""FtgStat"": ""1"", ""JEStat"": ""1"", ""JurForm"": ""49"", ""Gatuadress"": ""GRÖNEGATAN 4 B"", ""PostNr"": ""22224"", ""PostOrt"": ""LUND"", ""COAdress"": """", ""RegDatKtid"": ""20170518"", ""Ng1"": ""63110"", ""Ng2"": """", ""Ng3"": """", ""Ng4"": """", ""Ng5"": """", ""Reklamsparrtyp"": ""1""}"
2375;Emulate Energy;Emulate energy AB;90;fuzzy;165592576150;1;LUND;49;35130;"{""PeOrgNr"": ""165592576150"", ""Namn"": ""Emulate energy AB"", ""Foretagsnamn"": """", ""FtgStat"": ""1"", ""JEStat"": ""1"", ""JurForm"": ""49"", ""Gatuadress"": ""SCHEELETORGET 1"", ""PostNr"": ""22381"", ""PostOrt"": ""LUND"", ""COAdress"": """", ""RegDatKtid"": ""20200529"", ""Ng1"": ""35130"", ""Ng2"": """", ""Ng3"": """", ""Ng4"": """", ""Ng5"": """", ""Reklamsparrtyp"": ""1""}"
2376;Your Speech Factory;Your Speech Factory AB;93;fuzzy;165591266803;1;STOCKHOLM;49;62010;"{""PeOrgNr"": ""165591266803"", ""Namn"": ""Your Speech Factory AB"", ""Foretagsnamn"": """", ""FtgStat"": ""1"", ""JEStat"": ""1"", ""JurForm"": ""49"", ""Gatuadress"": ""KIVRA: 559126--6803"", ""PostNr"": ""10631"", ""PostOrt"": ""STOCKHOLM"", ""COAdress"": """", ""RegDatKtid"": ""20170928"", ""Ng1"": ""62010"", ""Ng2"": """", ""Ng3"": """", ""Ng4"": """", ""Ng5"": """", ""Reklamsparrtyp"": ""1""}"
2378;Sanctify Financial Technologies AB;Sanctify Financial Technologies AB;95;fuzzy;165591707582;9;MALMÖ;49;63990;"{""PeOrgNr"": ""165591707582"", ""Namn"": ""Sanctify Financial Technologies AB"", ""Foretagsnamn"": """", ""FtgStat"": ""9"", ""JEStat"": ""1"", ""JurForm"": ""49"", ""Gatuadress"": ""ANCKARGRIPSGATAN 3"", ""PostNr"": ""21119"", ""PostOrt"": ""MALMÖ"", ""COAdress"": """", ""RegDatKtid"": ""20180913"", ""Ng1"": ""63990"", ""Ng2"": ""62010"", ""Ng3"": """", ""Ng4"": """", ""Ng5"": """", ""Reklamsparrtyp"": ""1""}"
2379;Connectitude AB;Connectitude AB;89;fuzzy;165590773171;1;MALMÖ;49;58290;"{""PeOrgNr"": ""165590773171"", ""Namn"": ""Connectitude AB"", ""Foretagsnamn"": """", ""FtgStat"": ""1"", ""JEStat"": ""1"", ""JurForm"": ""49"", ""Gatuadress"": ""TORGGATAN 4  VÅN 9"", ""PostNr"": ""21140"", ""PostOrt"": ""MALMÖ"", ""COAdress"": """", ""RegDatKtid"": ""20160922"", ""Ng1"": ""58290"", ""Ng2"": """", ""Ng3"": """", ""Ng4"": """", ""Ng5"": """", ""Reklamsparrtyp"": ""1""}"
2380;ATO Energy;ATO Energy AB;87;fuzzy;165593597189;1;STOCKHOLM;49;62010;"{""PeOrgNr"": ""165593597189"", ""Namn"": ""ATO Energy AB"", ""Foretagsnamn"": """", ""FtgStat"": ""1"", ""JEStat"": ""1"", ""JurForm"": ""49"", ""Gatuadress"": ""HANTVERKARGATAN 54"", ""PostNr"": ""11231"", ""PostOrt"": ""STOCKHOLM"", ""COAdress"": ""PEDER FALKMAN"", ""RegDatKtid"": ""20220114"", ""Ng1"": ""62010"", ""Ng2"": """", ""Ng3"": """", ""Ng4"": """", ""Ng5"": """", ""Reklamsparrtyp"": ""1""}"
2381;Interspectral;Interspectral AB;90;fuzzy;165569805186;1;NORRKÖPING;49;62010;"{""PeOrgNr"": ""165569805186"", ""Namn"": ""Interspectral AB"", ""Foretagsnamn"": """", ""FtgStat"": ""1"", ""JEStat"": ""1"", ""JurForm"": ""49"", ""Gatuadress"": ""VÄSTGÖTEGATAN 13 C"", ""PostNr"": ""60221"", ""PostOrt"": ""NORRKÖPING"", ""COAdress"": """", ""RegDatKtid"": ""20140828"", ""Ng1"": ""62010"", ""Ng2"": """", ""Ng3"": """", ""Ng4"": """", ""Ng5"": """", ""Reklamsparrtyp"": ""1""}"
2385;Levtek Sweden AB;LEVTEK SWEDEN AB;90;fuzzy;165592778566;1;MALMÖ;49;29101;"{""PeOrgNr"": ""165592778566"", ""Namn"": ""LEVTEK SWEDEN AB"", ""Foretagsnamn"": """", ""FtgStat"": ""1"", ""JEStat"": ""1"", ""JurForm"": ""49"", ""Gatuadress"": ""BERTRANDSGATAN 3 A"", ""PostNr"": ""21214"", ""PostOrt"": ""MALMÖ"", ""COAdress"": """", ""RegDatKtid"": ""20201023"", ""Ng1"": ""29101"", ""Ng2"": """", ""Ng3"": """", ""Ng4"": """", ""Ng5"": """", ""Reklamsparrtyp"": ""1""}"
2386;Earthbanc AB;Earthbanc AB;86;fuzzy;165592137839;1;KISTA;49;66190;"{""PeOrgNr"": ""165592137839"", ""Namn"": ""Earthbanc AB"", ""Foretagsnamn"": """", ""FtgStat"": ""1"", ""JEStat"": ""1"", ""JurForm"": ""49"", ""Gatuadress"": ""TIME BUILDING KISTAGÅNGEN 12"", ""PostNr"": ""16440"", ""PostOrt"": ""KISTA"", ""COAdress"": ""HELIO"", ""RegDatKtid"": ""20190807"", ""Ng1"": ""66190"", ""Ng2"": ""71200"", ""Ng3"": """", ""Ng4"": """", ""Ng5"": """", ""Reklamsparrtyp"": ""1""}"
2387;EnginZyme;EnginZyme AB;86;fuzzy;165569658494;1;SOLNA;49;20590;"{""PeOrgNr"": ""165569658494"", ""Namn"": ""EnginZyme AB"", ""Foretagsnamn"": """", ""FtgStat"": ""1"", ""JEStat"": ""1"", ""JurForm"": ""49"", ""Gatuadress"": ""TOMTEBODAVÄGEN 6"", ""PostNr"": ""17165"", ""PostOrt"": ""SOLNA"", ""COAdress"": """", ""RegDatKtid"": ""20140320"", ""Ng1"": ""20590"", ""Ng2"": ""72110"", ""Ng3"": ""21100"", ""Ng4"": """", ""Ng5"": """", ""Reklamsparrtyp"": ""1""}"
2388;Charge Amps;Charge Amps AB;88;fuzzy;165568977192;1;SOLNA;49;46699;"{""PeOrgNr"": ""165568977192"", ""Namn"": ""Charge Amps AB"", ""Foretagsnamn"": """", ""FtgStat"": ""1"", ""JEStat"": ""1"", ""JurForm"": ""49"", ""Gatuadress"": ""FRÖSUNDALEDEN 2 B"", ""PostNr"": ""16975"", ""PostOrt"": ""SOLNA"", ""COAdress"": """", ""RegDatKtid"": ""20120705"", ""Ng1"": ""46699"", ""Ng2"": ""26510"", ""Ng3"": """", ""Ng4"": """", ""Ng5"": """", ""Reklamsparrtyp"": ""1""}"
2390;Stockeld Dreamery;Stockeld Dreamery AB;92;fuzzy;165591897193;1;SOLNA;49;10890;"{""PeOrgNr"": ""165591897193"", ""Namn"": ""Stockeld Dreamery AB"", ""Foretagsnamn"": """", ""FtgStat"": ""1"", ""JEStat"": ""1"", ""JurForm"": ""49"", ""Gatuadress"": ""SCHEELES VÄG 1"", ""PostNr"": ""17165"", ""PostOrt"": ""SOLNA"", ""COAdress"": """", ""RegDatKtid"": ""20190103"", ""Ng1"": ""10890"", ""Ng2"": """", ""Ng3"": """", ""Ng4"": """", ""Ng5"": """", ""Reklamsparrtyp"": ""1""}"
2392;T&S Engineering Intelligence AB;T&S Engineering intelligence AB;95;fuzzy;165592268733;1;GÄVLE;49;62010;"{""PeOrgNr"": ""165592268733"", ""Namn"": ""T&S Engineering intelligence AB"", ""Foretagsnamn"": """", ""FtgStat"": ""1"", ""JEStat"": ""1"", ""JurForm"": ""49"", ""Gatuadress"": ""FÖRSTA MAGASINSGATAN 5"", ""PostNr"": ""80310"", ""PostOrt"": ""GÄVLE"", ""COAdress"": """", ""RegDatKtid"": ""20191115"", ""Ng1"": ""62010"", ""Ng2"": """", ""Ng3"": """", ""Ng4"": """", ""Ng5"": """", ""Reklamsparrtyp"": ""1""}"
2393;P3S - Patient Safety Surveillance Solutions;P3S - Patient Safety Surveillance Solutions AB;97;fuzzy;165593927329;1;DALA-FLODA;49;72190;"{""PeOrgNr"": ""165593927329"", ""Namn"": ""P3S - Patient Safety Surveillance Solutions AB"", ""Foretagsnamn"": """", ""FtgStat"": ""1"", ""JEStat"": ""1"", ""JurForm"": ""49"", ""Gatuadress"": ""FORSGÄRDSGATTU 19"", ""PostNr"": ""78695"", ""PostOrt"": ""DALA-FLODA"", ""COAdress"": ""ANNA GLEMME"", ""RegDatKtid"": ""20220819"", ""Ng1"": ""72190"", ""Ng2"": """", ""Ng3"": """", ""Ng4"": """", ""Ng5"": """", ""Reklamsparrtyp"": ""1""}"
2394;Prognostix AB;Prognostix AB;87;fuzzy;165590988191;1;SUNDBYBERG;49;62090;"{""PeOrgNr"": ""165590988191"", ""Namn"": ""Prognostix AB"", ""Foretagsnamn"": """", ""FtgStat"": ""1"", ""JEStat"": ""1"", ""JurForm"": ""49"", ""Gatuadress"": ""SEVENSVÄGEN 19"", ""PostNr"": ""17446"", ""PostOrt"": ""SUNDBYBERG"", ""COAdress"": ""RIKARD WEDIN"", ""RegDatKtid"": ""20170202"", ""Ng1"": ""62090"", ""Ng2"": ""86909"", ""Ng3"": """", ""Ng4"": """", ""Ng5"": """", ""Reklamsparrtyp"": ""1""}"
2397;Stratipath;Stratipath AB;87;fuzzy;165592146004;1;SOLNA;49;62010;"{""PeOrgNr"": ""165592146004"", ""Namn"": ""Stratipath AB"", ""Foretagsnamn"": """", ""FtgStat"": ""1"", ""JEStat"": ""1"", ""JurForm"": ""49"", ""Gatuadress"": ""NANNA SVARTZ VÄG 4"", ""PostNr"": ""17165"", ""PostOrt"": ""SOLNA"", ""COAdress"": """", ""RegDatKtid"": ""20190814"", ""Ng1"": ""62010"", ""Ng2"": """", ""Ng3"": """", ""Ng4"": """", ""Ng5"": """", ""Reklamsparrtyp"": ""1""}"
2405;Krea Technology AB;Krea Technology AB;91;fuzzy;165591732895;1;STOCKHOLM;49;66190;"{""PeOrgNr"": ""165591732895"", ""Namn"": ""Krea Technology AB"", ""Foretagsnamn"": """", ""FtgStat"": ""1"", ""JEStat"": ""1"", ""JurForm"": ""49"", ""Gatuadress"": ""VALHALLAVÄGEN 60"", ""PostNr"": ""11427"", ""PostOrt"": ""STOCKHOLM"", ""COAdress"": ""FREDRIK LUNDAHL"", ""RegDatKtid"": ""20180927"", ""Ng1"": ""66190"", ""Ng2"": ""70220"", ""Ng3"": ""58290"", ""Ng4"": """", ""Ng5"": """", ""Reklamsparrtyp"": ""1""}"
2407;IPercept Technology;IPercept Technology AB;93;fuzzy;165592084882;1;STOCKHOLM;49;26510;"{""PeOrgNr"": ""165592084882"", ""Namn"": ""IPercept Technology AB"", ""Foretagsnamn"": """", ""FtgStat"": ""1"", ""JEStat"": ""1"", ""JurForm"": ""49"", ""Gatuadress"": ""DROTTNING KRISTINAS VÄG 53"", ""PostNr"": ""11428"", ""PostOrt"": ""STOCKHOLM"", ""COAdress"": ""THINGS"", ""RegDatKtid"": ""20190612"", ""Ng1"": ""26510"", ""Ng2"": ""71122"", ""Ng3"": ""62090"", ""Ng4"": ""72190"", ""Ng5"": ""85594"", ""Reklamsparrtyp"": ""1""}"
2408;Kairos Logic AB;Kairos Logic AB;89;fuzzy;165592185663;1;LUND;49;62010;"{""PeOrgNr"": ""165592185663"", ""Namn"": ""Kairos Logic AB"", ""Foretagsnamn"": """", ""FtgStat"": ""1"", ""JEStat"": ""1"", ""JurForm"": ""49"", ""Gatuadress"": ""GANDALVS GRÄND 6"", ""PostNr"": ""22474"", ""PostOrt"": ""LUND"", ""COAdress"": ""GEORGE LIJO"", ""RegDatKtid"": ""20190919"", ""Ng1"": ""62010"", ""Ng2"": """", ""Ng3"": """", ""Ng4"": """", ""Ng5"": """", ""Reklamsparrtyp"": ""1""}"
2409;Klicka AI;Klicka AB;89;fuzzy;165590484241;1;LIDINGÖ;49;70220;"{""PeOrgNr"": ""165590484241"", ""Namn"": ""Klicka AB"", ""Foretagsnamn"": """", ""FtgStat"": ""1"", ""JEStat"": ""1"", ""JurForm"": ""49"", ""Gatuadress"": ""TERRÄNGVÄGEN 10"", ""PostNr"": ""18129"", ""PostOrt"": ""LIDINGÖ"", ""COAdress"": ""KARIN FRIBERG"", ""RegDatKtid"": ""20160128"", ""Ng1"": ""70220"", ""Ng2"": """", ""Ng3"": """", ""Ng4"": """", ""Ng5"": """", ""Reklamsparrtyp"": ""1""}"
2412;LINKAI Technologies AB;LINKAI Technologies AB;93;fuzzy;165592675952;1;SOLLENTUNA;49;62010;"{""PeOrgNr"": ""165592675952"", ""Namn"": ""LINKAI Technologies AB"", ""Foretagsnamn"": """", ""FtgStat"": ""1"", ""JEStat"": ""1"", ""JurForm"": ""49"", ""Gatuadress"": ""ORGANISTGRÄND 78"", ""PostNr"": ""19272"", ""PostOrt"": ""SOLLENTUNA"", ""COAdress"": ""YUE LYU"", ""RegDatKtid"": ""20200821"", ""Ng1"": ""62010"", ""Ng2"": """", ""Ng3"": """", ""Ng4"": """", ""Ng5"": """", ""Reklamsparrtyp"": ""1""}"
2420;NorthStat AB;NorthStat AB;86;fuzzy;165593917601;1;UMEÅ;49;58290;"{""PeOrgNr"": ""165593917601"", ""Namn"": ""NorthStat AB"", ""Foretagsnamn"": """", ""FtgStat"": ""1"", ""JEStat"": ""1"", ""JurForm"": ""49"", ""Gatuadress"": ""BÖLEVÄGEN 28 C"", ""PostNr"": ""90431"", ""PostOrt"": ""UMEÅ"", ""COAdress"": ""PATRIK RYDÉN"", ""RegDatKtid"": ""20220812"", ""Ng1"": ""58290"", ""Ng2"": ""62010"", ""Ng3"": """", ""Ng4"": """", ""Ng5"": """", ""Reklamsparrtyp"": ""1""}"
2421;NorthernLight Diagnostics AB;NorthernLight Diagnostics AB;94;fuzzy;165591243919;1;STOCKHOLM;49;72190;"{""PeOrgNr"": ""165591243919"", ""Namn"": ""NorthernLight Diagnostics AB"", ""Foretagsnamn"": """", ""FtgStat"": ""1"", ""JEStat"": ""1"", ""JurForm"": ""49"", ""Gatuadress"": ""BRUNNSGATAN 6  2TR"", ""PostNr"": ""11138"", ""PostOrt"": ""STOCKHOLM"", ""COAdress"": """", ""RegDatKtid"": ""20170907"", ""Ng1"": ""72190"", ""Ng2"": """", ""Ng3"": """", ""Ng4"": """", ""Ng5"": """", ""Reklamsparrtyp"": ""1""}"
2426;Omnimodular AB;Omnimodular AB;88;fuzzy;165590501846;1;STOCKHOLM;49;62010;"{""PeOrgNr"": ""165590501846"", ""Namn"": ""Omnimodular AB"", ""Foretagsnamn"": """", ""FtgStat"": ""1"", ""JEStat"": ""1"", ""JurForm"": ""49"", ""Gatuadress"": ""GÖTGATAN 108  LGH 1101"", ""PostNr"": ""11862"", ""PostOrt"": ""STOCKHOLM"", ""COAdress"": ""HENRIK HOLST"", ""RegDatKtid"": ""20160205"", ""Ng1"": ""62010"", ""Ng2"": """", ""Ng3"": """", ""Ng4"": """", ""Ng5"": """", ""Reklamsparrtyp"": ""1""}"
2428;Recap Power;Recap Power AB;88;fuzzy;165591680235;9;UPPSALA;49;62010;"{""PeOrgNr"": ""165591680235"", ""Namn"": ""Recap Power AB"", ""Foretagsnamn"": """", ""FtgStat"": ""9"", ""JEStat"": ""1"", ""JurForm"": ""49"", ""Gatuadress"": ""DAG HAMMARSKJÖLDS VÄG 58 C"", ""PostNr"": ""75237"", ""PostOrt"": ""UPPSALA"", ""COAdress"": """", ""RegDatKtid"": ""20180816"", ""Ng1"": ""62010"", ""Ng2"": """", ""Ng3"": """", ""Ng4"": """", ""Ng5"": """", ""Reklamsparrtyp"": ""1""}"
2430;ProptechCore;ProptechCore AB;89;fuzzy;165592905169;1;STRÄNGNÄS;49;58290;"{""PeOrgNr"": ""165592905169"", ""Namn"": ""ProptechCore AB"", ""Foretagsnamn"": """", ""FtgStat"": ""1"", ""JEStat"": ""1"", ""JurForm"": ""49"", ""Gatuadress"": ""SLIPVÄGEN 14"", ""PostNr"": ""64593"", ""PostOrt"": ""STRÄNGNÄS"", ""COAdress"": """", ""RegDatKtid"": ""20201218"", ""Ng1"": ""58290"", ""Ng2"": ""62010"", ""Ng3"": """", ""Ng4"": """", ""Ng5"": """", ""Reklamsparrtyp"": ""1""}"
2431;Rider’s Position Sweden AB;Rider's Position Sweden AB;90;fuzzy;165592135361;1;VÄSTERÅS;49;61300;"{""PeOrgNr"": ""165592135361"", ""Namn"": ""Rider's Position Sweden AB"", ""Foretagsnamn"": """", ""FtgStat"": ""1"", ""JEStat"": ""1"", ""JurForm"": ""49"", ""Gatuadress"": ""GEIJERSGATAN 7 B"", ""PostNr"": ""72335"", ""PostOrt"": ""VÄSTERÅS"", ""COAdress"": ""TINA BILOCK"", ""RegDatKtid"": ""20190731"", ""Ng1"": ""61300"", ""Ng2"": """", ""Ng3"": """", ""Ng4"": """", ""Ng5"": """", ""Reklamsparrtyp"": ""1""}"
2433;Sana Labs;Sana Labs AB;86;fuzzy;165590606579;1;STOCKHOLM;49;62010;"{""PeOrgNr"": ""165590606579"", ""Namn"": ""Sana Labs AB"", ""Foretagsnamn"": """", ""FtgStat"": ""1"", ""JEStat"": ""1"", ""JurForm"": ""49"", ""Gatuadress"": ""BOX 5801"", ""PostNr"": ""10248"", ""PostOrt"": ""STOCKHOLM"", ""COAdress"": """", ""RegDatKtid"": ""20160428"", ""Ng1"": ""62010"", ""Ng2"": """", ""Ng3"": """", ""Ng4"": """", ""Ng5"": """", ""Reklamsparrtyp"": ""1""}"
2438;Tandem Health;Tandem Health AB;90;fuzzy;165594446857;1;STOCKHOLM;49;62010;"{""PeOrgNr"": ""165594446857"", ""Namn"": ""Tandem Health AB"", ""Foretagsnamn"": """", ""FtgStat"": ""1"", ""JEStat"": ""1"", ""JurForm"": ""49"", ""Gatuadress"": ""MALMSKILLNADSGATAN 44 A"", ""PostNr"": ""11157"", ""PostOrt"": ""STOCKHOLM"", ""COAdress"": ""@EPICENTER"", ""RegDatKtid"": ""20230818"", ""Ng1"": ""62010"", ""Ng2"": ""86909"", ""Ng3"": """", ""Ng4"": """", ""Ng5"": """", ""Reklamsparrtyp"": ""1""}"
2443;Astrid Education;Astrid Education AB;91;fuzzy;165592431364;1;STOCKHOLM;49;62010;"{""PeOrgNr"": ""165592431364"", ""Namn"": ""Astrid Education AB"", ""Foretagsnamn"": """", ""FtgStat"": ""1"", ""JEStat"": ""1"", ""JurForm"": ""49"", ""Gatuadress"": ""BOX 3598"", ""PostNr"": ""10369"", ""PostOrt"": ""STOCKHOLM"", ""COAdress"": """", ""RegDatKtid"": ""20200221"", ""Ng1"": ""62010"", ""Ng2"": """", ""Ng3"": """", ""Ng4"": """", ""Ng5"": """", ""Reklamsparrtyp"": ""1""}"
2444;Asymptotic AI;Asymptotic AB;92;fuzzy;165592144157;1;GÖTEBORG;49;62020;"{""PeOrgNr"": ""165592144157"", ""Namn"": ""Asymptotic AB"", ""Foretagsnamn"": """", ""FtgStat"": ""1"", ""JEStat"": ""1"", ""JurForm"": ""49"", ""Gatuadress"": ""GULDPOKALSGATAN 3 B"", ""PostNr"": ""41712"", ""PostOrt"": ""GÖTEBORG"", ""COAdress"": """", ""RegDatKtid"": ""20190807"", ""Ng1"": ""62020"", ""Ng2"": ""62010"", ""Ng3"": """", ""Ng4"": """", ""Ng5"": """", ""Reklamsparrtyp"": ""1""}"
2448;Zimply Innovation Nordic AB;Zimply Innovation Nordic AB;94;fuzzy;165591634828;1;STOCKHOLM;49;58290;"{""PeOrgNr"": ""165591634828"", ""Namn"": ""Zimply Innovation Nordic AB"", ""Foretagsnamn"": """", ""FtgStat"": ""1"", ""JEStat"": ""1"", ""JurForm"": ""49"", ""Gatuadress"": ""SIBYLLEGATAN 47"", ""PostNr"": ""11442"", ""PostOrt"": ""STOCKHOLM"", ""COAdress"": ""RKO AB"", ""RegDatKtid"": ""20180628"", ""Ng1"": ""58290"", ""Ng2"": """", ""Ng3"": """", ""Ng4"": """", ""Ng5"": """", ""Reklamsparrtyp"": ""1""}"
2449;BeeScanning Global AB;BeeScanning Global AB;92;fuzzy;165591027700;9;LINDESBERG;49;62010;"{""PeOrgNr"": ""165591027700"", ""Namn"": ""BeeScanning Global AB"", ""Foretagsnamn"": """", ""FtgStat"": ""9"", ""JEStat"": ""1"", ""JurForm"": ""49"", ""Gatuadress"": ""SÖDRA BERGSSTIGEN 7"", ""PostNr"": ""71131"", ""PostOrt"": ""LINDESBERG"", ""COAdress"": ""BJÖRN LAGERMAN"", ""RegDatKtid"": ""20170302"", ""Ng1"": ""62010"", ""Ng2"": ""74101"", ""Ng3"": """", ""Ng4"": """", ""Ng5"": """", ""Reklamsparrtyp"": ""1""}"
2451;BiTi Innovations;Biti Innovations AB;91;fuzzy;165590807359;1;UMEÅ;49;62010;"{""PeOrgNr"": ""165590807359"", ""Namn"": ""Biti Innovations AB"", ""Foretagsnamn"": """", ""FtgStat"": ""1"", ""JEStat"": ""1"", ""JurForm"": ""49"", ""Gatuadress"": ""FRIDHEMSVÄGEN 1 G LGH 1302"", ""PostNr"": ""90337"", ""PostOrt"": ""UMEÅ"", ""COAdress"": """", ""RegDatKtid"": ""20161020"", ""Ng1"": ""62010"", ""Ng2"": """", ""Ng3"": """", ""Ng4"": """", ""Ng5"": """", ""Reklamsparrtyp"": ""1""}"
2452;Buddywise AB;Buddywise AB;86;fuzzy;165592549777;1;STOCKHOLM;49;62010;"{""PeOrgNr"": ""165592549777"", ""Namn"": ""Buddywise AB"", ""Foretagsnamn"": """", ""FtgStat"": ""1"", ""JEStat"": ""1"", ""JurForm"": ""49"", ""Gatuadress"": ""MAILBOX 709"", ""PostNr"": ""11411"", ""PostOrt"": ""STOCKHOLM"", ""COAdress"": """", ""RegDatKtid"": ""20200508"", ""Ng1"": ""62010"", ""Ng2"": """", ""Ng3"": """", ""Ng4"": """", ""Ng5"": """", ""Reklamsparrtyp"": ""1""}"
2453;cAIre tech AB;cAIre tech AB;87;fuzzy;165594424391;1;STOCKHOLM;49;62010;"{""PeOrgNr"": ""165594424391"", ""Namn"": ""cAIre tech AB"", ""Foretagsnamn"": """", ""FtgStat"": ""1"", ""JEStat"": ""1"", ""JurForm"": ""49"", ""Gatuadress"": ""GJUTARGATAN 4 A"", ""PostNr"": ""11248"", ""PostOrt"": ""STOCKHOLM"", ""COAdress"": ""CAIRE TECH"", ""RegDatKtid"": ""20230721"", ""Ng1"": ""62010"", ""Ng2"": ""62020"", ""Ng3"": ""62090"", ""Ng4"": """", ""Ng5"": """", ""Reklamsparrtyp"": ""1""}"
2454;Climate Tracker Initiative;Climate Tracker Initiative AB;95;fuzzy;165594688912;1;STOCKHOLM;49;62010;"{""PeOrgNr"": ""165594688912"", ""Namn"": ""Climate Tracker Initiative AB"", ""Foretagsnamn"": """", ""FtgStat"": ""1"", ""JEStat"": ""1"", ""JurForm"": ""49"", ""Gatuadress"": ""GRUBBENSTORGET 2"", ""PostNr"": ""11269"", ""PostOrt"": ""STOCKHOLM"", ""COAdress"": ""PATAY"", ""RegDatKtid"": ""20240126"", ""Ng1"": ""62010"", ""Ng2"": """", ""Ng3"": """", ""Ng4"": """", ""Ng5"": """", ""Reklamsparrtyp"": ""1""}"
2455;CloudBackend AB;CloudBackend AB;89;fuzzy;165591530489;1;LINKÖPING;49;62030;"{""PeOrgNr"": ""165591530489"", ""Namn"": ""CloudBackend AB"", ""Foretagsnamn"": """", ""FtgStat"": ""1"", ""JEStat"": ""1"", ""JurForm"": ""49"", ""Gatuadress"": ""BOX 569"", ""PostNr"": ""58107"", ""PostOrt"": ""LINKÖPING"", ""COAdress"": """", ""RegDatKtid"": ""20180322"", ""Ng1"": ""62030"", ""Ng2"": """", ""Ng3"": """", ""Ng4"": """", ""Ng5"": """", ""Reklamsparrtyp"": ""1""}"
2458;DBT Solutions AB;DBT Solutions AB;90;fuzzy;165593311003;1;MALMÖ;49;62010;"{""PeOrgNr"": ""165593311003"", ""Namn"": ""DBT Solutions AB"", ""Foretagsnamn"": """", ""FtgStat"": ""1"", ""JEStat"": ""1"", ""JurForm"": ""49"", ""Gatuadress"": ""ANCKARGRIPSGATAN 3"", ""PostNr"": ""21119"", ""PostOrt"": ""MALMÖ"", ""COAdress"": ""DBTUNE"", ""RegDatKtid"": ""20210820"", ""Ng1"": ""62010"", ""Ng2"": """", ""Ng3"": """", ""Ng4"": """", ""Ng5"": """", ""Reklamsparrtyp"": ""1""}"
2460;Ensolution Software;Ensolution Software AB;93;fuzzy;165594134701;1;HALMSTAD;49;62010;"{""PeOrgNr"": ""165594134701"", ""Namn"": ""Ensolution Software AB"", ""Foretagsnamn"": """", ""FtgStat"": ""1"", ""JEStat"": ""1"", ""JurForm"": ""49"", ""Gatuadress"": ""STORGATAN 31"", ""PostNr"": ""30243"", ""PostOrt"": ""HALMSTAD"", ""COAdress"": ""ENSOLUTION AB"", ""RegDatKtid"": ""20221223"", ""Ng1"": ""62010"", ""Ng2"": """", ""Ng3"": """", ""Ng4"": """", ""Ng5"": """", ""Reklamsparrtyp"": ""1""}"
2463;Fill Technology AB;Fill Technology AB;91;fuzzy;165593088346;1;STOCKHOLM;49;58290;"{""PeOrgNr"": ""165593088346"", ""Namn"": ""Fill Technology AB"", ""Foretagsnamn"": """", ""FtgStat"": ""1"", ""JEStat"": ""1"", ""JurForm"": ""49"", ""Gatuadress"": ""VALHALLAVÄGEN 124"", ""PostNr"": ""11441"", ""PostOrt"": ""STOCKHOLM"", ""COAdress"": ""POTTERYJO"", ""RegDatKtid"": ""20210326"", ""Ng1"": ""58290"", ""Ng2"": """", ""Ng3"": """", ""Ng4"": """", ""Ng5"": """", ""Reklamsparrtyp"": ""1""}"
2468;Fieldstream.ai;Fieldstream AB;86;fuzzy;165593290603;1;STOCKHOLM;49;62010;"{""PeOrgNr"": ""165593290603"", ""Namn"": ""Fieldstream AB"", ""Foretagsnamn"": """", ""FtgStat"": ""1"", ""JEStat"": ""1"", ""JurForm"": ""49"", ""Gatuadress"": ""DROTTNINGGATAN 33"", ""PostNr"": ""11151"", ""PostOrt"": ""STOCKHOLM"", ""COAdress"": ""IOFFICE BUSINESS CENTER"", ""RegDatKtid"": ""20210806"", ""Ng1"": ""62010"", ""Ng2"": """", ""Ng3"": """", ""Ng4"": """", ""Ng5"": """", ""Reklamsparrtyp"": ""1""}"
2469;GetAccept;GetAccept AB;86;fuzzy;165590231402;1;MALMÖ;49;62010;"{""PeOrgNr"": ""165590231402"", ""Namn"": ""GetAccept AB"", ""Foretagsnamn"": """", ""FtgStat"": ""1"", ""JEStat"": ""1"", ""JurForm"": ""49"", ""Gatuadress"": ""VÄSTRA VARVSGATAN 19"", ""PostNr"": ""21177"", ""PostOrt"": ""MALMÖ"", ""COAdress"": """", ""RegDatKtid"": ""20150820"", ""Ng1"": ""62010"", ""Ng2"": """", ""Ng3"": """", ""Ng4"": """", ""Ng5"": """", ""Reklamsparrtyp"": ""1""}"
2470;Glana Sensors AB;Glana Sensors AB;90;fuzzy;165590385935;1;LINKÖPING;49;26700;"{""PeOrgNr"": ""165590385935"", ""Namn"": ""Glana Sensors AB"", ""Foretagsnamn"": """", ""FtgStat"": ""1"", ""JEStat"": ""1"", ""JurForm"": ""49"", ""Gatuadress"": ""DISKETTGATAN 11 A"", ""PostNr"": ""58330"", ""PostOrt"": ""LINKÖPING"", ""COAdress"": """", ""RegDatKtid"": ""20151210"", ""Ng1"": ""26700"", ""Ng2"": """", ""Ng3"": """", ""Ng4"": """", ""Ng5"": """", ""Reklamsparrtyp"": ""1""}"
2471;Goava Sales Intelligence AB;Goava Sales Intelligence AB;94;fuzzy;165590811518;1;STOCKHOLM;49;70220;"{""PeOrgNr"": ""165590811518"", ""Namn"": ""Goava Sales Intelligence AB"", ""Foretagsnamn"": """", ""FtgStat"": ""1"", ""JEStat"": ""1"", ""JurForm"": ""49"", ""Gatuadress"": ""BOX 162"", ""PostNr"": ""10123"", ""PostOrt"": ""STOCKHOLM"", ""COAdress"": """", ""RegDatKtid"": ""20161020"", ""Ng1"": ""70220"", ""Ng2"": """", ""Ng3"": """", ""Ng4"": """", ""Ng5"": """", ""Reklamsparrtyp"": ""1""}"
2488;Normative;Normative AB;86;fuzzy;165569677361;1;STOCKHOLM;49;62010;"{""PeOrgNr"": ""165569677361"", ""Namn"": ""Normative AB"", ""Foretagsnamn"": """", ""FtgStat"": ""1"", ""JEStat"": ""1"", ""JurForm"": ""49"", ""Gatuadress"": ""FOLKUNGAGATAN 44"", ""PostNr"": ""11826"", ""PostOrt"": ""STOCKHOLM"", ""COAdress"": """", ""RegDatKtid"": ""20140410"", ""Ng1"": ""62010"", ""Ng2"": """", ""Ng3"": """", ""Ng4"": """", ""Ng5"": """", ""Reklamsparrtyp"": ""1""}"
2493;Volumental;Volumental AB;87;fuzzy;165569124141;1;STOCKHOLM;49;62010;"{""PeOrgNr"": ""165569124141"", ""Namn"": ""Volumental AB"", ""Foretagsnamn"": """", ""FtgStat"": ""1"", ""JEStat"": ""1"", ""JurForm"": ""49"", ""Gatuadress"": ""MEDBORGARPLATSEN 25"", ""PostNr"": ""11872"", ""PostOrt"": ""STOCKHOLM"", ""COAdress"": ""STAYAROUND"", ""RegDatKtid"": ""20121206"", ""Ng1"": ""62010"", ""Ng2"": """", ""Ng3"": """", ""Ng4"": """", ""Ng5"": """", ""Reklamsparrtyp"": ""1""}"
2495;CemVision;CemVision AB;86;fuzzy;165592109135;1;STOCKHOLM;49;46731;"{""PeOrgNr"": ""165592109135"", ""Namn"": ""CemVision AB"", ""Foretagsnamn"": """", ""FtgStat"": ""1"", ""JEStat"": ""1"", ""JurForm"": ""49"", ""Gatuadress"": ""CENTRALPLAN 15"", ""PostNr"": ""11120"", ""PostOrt"": ""STOCKHOLM"", ""COAdress"": ""NO 18"", ""RegDatKtid"": ""20190703"", ""Ng1"": ""46731"", ""Ng2"": ""70220"", ""Ng3"": ""71124"", ""Ng4"": """", ""Ng5"": """", ""Reklamsparrtyp"": ""1""}"
2497;ClimateView;ClimateView AB;88;fuzzy;165591504120;1;STOCKHOLM;49;70220;"{""PeOrgNr"": ""165591504120"", ""Namn"": ""ClimateView AB"", ""Foretagsnamn"": """", ""FtgStat"": ""1"", ""JEStat"": ""1"", ""JurForm"": ""49"", ""Gatuadress"": ""JAKOBSBERGSGATAN 24"", ""PostNr"": ""11144"", ""PostOrt"": ""STOCKHOLM"", ""COAdress"": ""CO ELEMENTS STOCKHOLM"", ""RegDatKtid"": ""20180301"", ""Ng1"": ""70220"", ""Ng2"": ""71122"", ""Ng3"": """", ""Ng4"": """", ""Ng5"": """", ""Reklamsparrtyp"": ""1""}"
2499;Flightradar24;Flightradar24 AB;90;fuzzy;165568951213;1;STOCKHOLM;49;62010;"{""PeOrgNr"": ""165568951213"", ""Namn"": ""Flightradar24 AB"", ""Foretagsnamn"": """", ""FtgStat"": ""1"", ""JEStat"": ""1"", ""JurForm"": ""49"", ""Gatuadress"": ""BRUNNSGATAN 13"", ""PostNr"": ""11138"", ""PostOrt"": ""STOCKHOLM"", ""COAdress"": """", ""RegDatKtid"": ""20120607"", ""Ng1"": ""62010"", ""Ng2"": """", ""Ng3"": """", ""Ng4"": """", ""Ng5"": """", ""Reklamsparrtyp"": ""1""}"
2503;Neko Health;Neko Health AB;88;fuzzy;165591705396;1;DANDERYD;49;71124;"{""PeOrgNr"": ""165591705396"", ""Namn"": ""Neko Health AB"", ""Foretagsnamn"": """", ""FtgStat"": ""1"", ""JEStat"": ""1"", ""JurForm"": ""49"", ""Gatuadress"": ""SVÄRDVÄGEN 19"", ""PostNr"": ""18233"", ""PostOrt"": ""DANDERYD"", ""COAdress"": """", ""RegDatKtid"": ""20180906"", ""Ng1"": ""71124"", ""Ng2"": """", ""Ng3"": """", ""Ng4"": """", ""Ng5"": """", ""Reklamsparrtyp"": ""1""}"
2510;Resolution Games;Resolution Games AB;91;fuzzy;165590098199;1;STOCKHOLM;49;58210;"{""PeOrgNr"": ""165590098199"", ""Namn"": ""Resolution Games AB"", ""Foretagsnamn"": """", ""FtgStat"": ""1"", ""JEStat"": ""1"", ""JurForm"": ""49"", ""Gatuadress"": ""SÖDERMALMSALLÉN 36"", ""PostNr"": ""11828"", ""PostOrt"": ""STOCKHOLM"", ""COAdress"": """", ""RegDatKtid"": ""20150409"", ""Ng1"": ""58210"", ""Ng2"": ""26400"", ""Ng3"": ""62010"", ""Ng4"": """", ""Ng5"": """", ""Reklamsparrtyp"": ""1""}"
2514;Terra Labs;Terra Labs AB;87;fuzzy;165594266123;1;STOCKHOLM;49;62010;"{""PeOrgNr"": ""165594266123"", ""Namn"": ""Terra Labs AB"", ""Foretagsnamn"": """", ""FtgStat"": ""1"", ""JEStat"": ""1"", ""JurForm"": ""49"", ""Gatuadress"": ""MALMSKILLNADSGATAN 39"", ""PostNr"": ""11138"", ""PostOrt"": ""STOCKHOLM"", ""COAdress"": """", ""RegDatKtid"": ""20230317"", ""Ng1"": ""62010"", ""Ng2"": """", ""Ng3"": """", ""Ng4"": """", ""Ng5"": """", ""Reklamsparrtyp"": ""1""}"
2516;CorPower Ocean;Corpower Ocean AB;90;fuzzy;165565849824;1;HÄGERSTEN;49;35110;"{""PeOrgNr"": ""165565849824"", ""Namn"": ""Corpower Ocean AB"", ""Foretagsnamn"": """", ""FtgStat"": ""1"", ""JEStat"": ""1"", ""JurForm"": ""49"", ""Gatuadress"": ""VÄSTBERGA ALLÉ 60  BV"", ""PostNr"": ""12630"", ""PostOrt"": ""HÄGERSTEN"", ""COAdress"": """", ""RegDatKtid"": ""20000215"", ""Ng1"": ""35110"", ""Ng2"": """", ""Ng3"": """", ""Ng4"": """", ""Ng5"": """", ""Reklamsparrtyp"": ""1""}"
2518;Cardo Health;Cardo Health AB;89;fuzzy;165593303117;1;SOLLENTUNA;49;70220;"{""PeOrgNr"": ""165593303117"", ""Namn"": ""Cardo Health AB"", ""Foretagsnamn"": """", ""FtgStat"": ""1"", ""JEStat"": ""1"", ""JurForm"": ""49"", ""Gatuadress"": ""BORGVÄGEN 23 A"", ""PostNr"": ""19255"", ""PostOrt"": ""SOLLENTUNA"", ""COAdress"": """", ""RegDatKtid"": ""20210813"", ""Ng1"": ""70220"", ""Ng2"": """", ""Ng3"": """", ""Ng4"": """", ""Ng5"": """", ""Reklamsparrtyp"": ""1""}"
2520;Moleculent;Moleculent AB;87;fuzzy;165593178907;1;SOLNA;49;72110;"{""PeOrgNr"": ""165593178907"", ""Namn"": ""Moleculent AB"", ""Foretagsnamn"": """", ""FtgStat"": ""1"", ""JEStat"": ""1"", ""JurForm"": ""49"", ""Gatuadress"": ""SCHEELES VÄG 1"", ""PostNr"": ""17165"", ""PostOrt"": ""SOLNA"", ""COAdress"": ""MOLECULENT AB"", ""RegDatKtid"": ""20210521"", ""Ng1"": ""72110"", ""Ng2"": """", ""Ng3"": """", ""Ng4"": """", ""Ng5"": """", ""Reklamsparrtyp"": ""1""}"
2521;Re:newcell;Re:NewCell AB;87;fuzzy;165568856206;9;STOCKHOLM;49;17111;"{""PeOrgNr"": ""165568856206"", ""Namn"": ""Re:NewCell AB"", ""Foretagsnamn"": """", ""FtgStat"": ""9"", ""JEStat"": ""1"", ""JurForm"": ""49"", ""Gatuadress"": ""CARDELLGATAN 1"", ""PostNr"": ""11436"", ""PostOrt"": ""STOCKHOLM"", ""COAdress"": """", ""RegDatKtid"": ""20120301"", ""Ng1"": ""17111"", ""Ng2"": """", ""Ng3"": """", ""Ng4"": """", ""Ng5"": """", ""Reklamsparrtyp"": ""1""}"
2522;Agteria Biotech;Agteria Biotech AB;91;fuzzy;165594582594;1;STOCKHOLM;49;72110;"{""PeOrgNr"": ""165594582594"", ""Namn"": ""Agteria Biotech AB"", ""Foretagsnamn"": """", ""FtgStat"": ""1"", ""JEStat"": ""1"", ""JurForm"": ""49"", ""Gatuadress"": ""BIRGER JARLSGATAN 57 C"", ""PostNr"": ""11356"", ""PostOrt"": ""STOCKHOLM"", ""COAdress"": ""MARTIN BLOMBERG"", ""RegDatKtid"": ""20231124"", ""Ng1"": ""72110"", ""Ng2"": """", ""Ng3"": """", ""Ng4"": """", ""Ng5"": """", ""Reklamsparrtyp"": ""1""}"
2524;InnoBrain;InnoBrain AB;86;fuzzy;165590996657;1;TÄBY;49;71200;"{""PeOrgNr"": ""165590996657"", ""Namn"": ""InnoBrain AB"", ""Foretagsnamn"": """", ""FtgStat"": ""1"", ""JEStat"": ""1"", ""JurForm"": ""49"", ""Gatuadress"": ""ENHAGSVÄGEN 18"", ""PostNr"": ""18740"", ""PostOrt"": ""TÄBY"", ""COAdress"": ""MASIH DAVARI"", ""RegDatKtid"": ""20170209"", ""Ng1"": ""71200"", ""Ng2"": ""72190"", ""Ng3"": ""73200"", ""Ng4"": ""74900"", ""Ng5"": """", ""Reklamsparrtyp"": ""1""}"
2530;Prediktera AB;Prediktera AB;87;fuzzy;165569387664;1;UMEÅ;49;62010;"{""PeOrgNr"": ""165569387664"", ""Namn"": ""Prediktera AB"", ""Foretagsnamn"": """", ""FtgStat"": ""1"", ""JEStat"": ""1"", ""JurForm"": ""49"", ""Gatuadress"": ""TVISTEVÄGEN 48 C"", ""PostNr"": ""90736"", ""PostOrt"": ""UMEÅ"", ""COAdress"": """", ""RegDatKtid"": ""20130808"", ""Ng1"": ""62010"", ""Ng2"": ""64993"", ""Ng3"": """", ""Ng4"": """", ""Ng5"": """", ""Reklamsparrtyp"": ""1""}"
2531;Senseworks AB;Senseworks AB;87;fuzzy;165592376593;1;UMEÅ;49;62010;"{""PeOrgNr"": ""165592376593"", ""Namn"": ""Senseworks AB"", ""Foretagsnamn"": """", ""FtgStat"": ""1"", ""JEStat"": ""1"", ""JurForm"": ""49"", ""Gatuadress"": ""TVISTEVÄGEN 47"", ""PostNr"": ""90729"", ""PostOrt"": ""UMEÅ"", ""COAdress"": """", ""RegDatKtid"": ""20200124"", ""Ng1"": ""62010"", ""Ng2"": ""69201"", ""Ng3"": """", ""Ng4"": """", ""Ng5"": """", ""Reklamsparrtyp"": ""1""}"
2533;Hero Imaging AB;Hero Imaging AB;89;fuzzy;165593779852;1;UMEÅ;49;62010;"{""PeOrgNr"": ""165593779852"", ""Namn"": ""Hero Imaging AB"", ""Foretagsnamn"": """", ""FtgStat"": ""1"", ""JEStat"": ""1"", ""JurForm"": ""49"", ""Gatuadress"": ""NORRA GIMONÄSVÄGEN 39"", ""PostNr"": ""90738"", ""PostOrt"": ""UMEÅ"", ""COAdress"": ""Lindgren, Simon"", ""RegDatKtid"": ""20220429"", ""Ng1"": ""62010"", ""Ng2"": """", ""Ng3"": """", ""Ng4"": """", ""Ng5"": """", ""Reklamsparrtyp"": ""1""}"
2536;Enaiblers AB;Enaiblers AB;86;fuzzy;165593774465;1;UPPSALA;49;72190;"{""PeOrgNr"": ""165593774465"", ""Namn"": ""Enaiblers AB"", ""Foretagsnamn"": """", ""FtgStat"": ""1"", ""JEStat"": ""1"", ""JurForm"": ""49"", ""Gatuadress"": ""ÖVERNÄS 160"", ""PostNr"": ""75591"", ""PostOrt"": ""UPPSALA"", ""COAdress"": """", ""RegDatKtid"": ""20220429"", ""Ng1"": ""72190"", ""Ng2"": ""62020"", ""Ng3"": """", ""Ng4"": """", ""Ng5"": """", ""Reklamsparrtyp"": ""1""}"
2537;Taigatech AB;Taigatech AB;86;fuzzy;165592977374;1;GÖTEBORG;49;62010;"{""PeOrgNr"": ""165592977374"", ""Namn"": ""Taigatech AB"", ""Foretagsnamn"": """", ""FtgStat"": ""1"", ""JEStat"": ""1"", ""JurForm"": ""49"", ""Gatuadress"": ""SOFIEROGATAN 3 A"", ""PostNr"": ""41251"", ""PostOrt"": ""GÖTEBORG"", ""COAdress"": """", ""RegDatKtid"": ""20210122"", ""Ng1"": ""62010"", ""Ng2"": """", ""Ng3"": """", ""Ng4"": """", ""Ng5"": """", ""Reklamsparrtyp"": ""1""}"
2538;Zmartrest AB;Zmartrest AB;86;fuzzy;165592764772;1;VÄSTERÅS;49;62010;"{""PeOrgNr"": ""165592764772"", ""Namn"": ""Zmartrest AB"", ""Foretagsnamn"": """", ""FtgStat"": ""1"", ""JEStat"": ""1"", ""JurForm"": ""49"", ""Gatuadress"": ""BOSTÄLLEVÄGEN 2"", ""PostNr"": ""72223"", ""PostOrt"": ""VÄSTERÅS"", ""COAdress"": ""JENNY NILSSON"", ""RegDatKtid"": ""20201016"", ""Ng1"": ""62010"", ""Ng2"": """", ""Ng3"": """", ""Ng4"": """", ""Ng5"": """", ""Reklamsparrtyp"": ""1""}"